brand_name,price,original_price,description,sizes,product_url
glitchez,515,1199,Women Faded Straight Jeans,Sizes: 32,https://www.myntra.comjeans/glitchez/glitchez-women-dark-grunge-faded-straight-to-style-jeans/31520748/buy
glitchez,719,1999,Women Wide Leg  Jeans,Sizes: 30,https://www.myntra.comjeans/glitchez/glitchez-women-classic-cuts-wide-leg-slit-jeans/31362844/buy
Pepe Jeans,1631,3399,Men Jeans,Sizes: 30,https://www.myntra.comjeans/pepe+jeans/pepe-jeans-men-stretchable-jeans/32424190/buy
Calvin Klein Jeans,7699,10999,Men Jeans,Sizes: 40,https://www.myntra.comjeans/calvin+klein+jeans/calvin-klein-jeans-men-jeans/32306256/buy
Stylecast X Kotty,524,2499,Women Straight Fit Jeans,Sizes: 30,https://www.myntra.comjeans/stylecast+x+kotty/stylecast-x-kotty-women-jean-straight-fit-high-rise-stretchable-jeans/31359183/buy
Calvin Klein Jeans,4799,7999,Women Cotton Jeans,Sizes: 30,https://www.myntra.comjeans/calvin+klein+jeans/calvin-klein-jeans-women-cotton-jeans/31343728/buy
Calvin Klein Jeans,8999,14999,Men Jeans,Sizes: 28,https://www.myntra.comjeans/calvin+klein+jeans/calvin-klein-jeans-men-jeans/31012176/buy
Pepe Jeans,3449,4599,Stretchable Skinny Fit Jeans,Sizes: 30,https://www.myntra.comjeans/pepe+jeans/pepe-jeans-men-heavy-fade-stretchable-skinny-fit-jeans/32598122/buy
Calvin Klein Jeans,8549,8999,Women Jeans,Sizes: 26,https://www.myntra.comjeans/calvin+klein+jeans/calvin-klein-jeans-women-jeans/30226351/buy
Calvin Klein Jeans,9999,N/A,Men Jeans,Sizes: 32,https://www.myntra.comjeans/calvin+klein+jeans/calvin-klein-jeans-men-jeans/30474291/buy
AD By Arvind,1499,2499,Men Mid Rise Jeans,Sizes: 36,https://www.myntra.comjeans/ad+by+arvind/ad-by-arvind-men-relaxed-tapered-fit-mid-rise-jeans/32466339/buy
Pepe Jeans,3999,N/A,Men Relaxed Fit Jeans,Sizes: 38,https://www.myntra.comjeans/pepe+jeans/pepe-jeans-men-relaxed-fit-jeans/33451673/buy
Calvin Klein Jeans,7999,N/A,Women Bootcut Jeans,Sizes: 34,https://www.myntra.comjeans/calvin+klein+jeans/calvin-klein-jeans-women-bootcut-jeans/32390310/buy
Pepe Jeans,3999,N/A,Men Slim Fit Jeans,Sizes: 32,https://www.myntra.comjeans/pepe+jeans/pepe-jeans-men-vapour-slim-fit-light-fade-stretchable-jeans/33229461/buy
SF JEANS by Pantaloons,1599,N/A,Men Jeans,Sizes: 30,https://www.myntra.comjeans/sf+jeans+by+pantaloons/sf-jeans-by-pantaloons-men-jeans/33469597/buy
Calvin Klein Jeans,4799,7999,Women Jeans,Sizes: 30,https://www.myntra.comjeans/calvin+klein+jeans/calvin-klein-jeans-women-jeans/31207011/buy
Levis,2111,3299,Men Slim Tapered Fit Jeans,Sizes: 38,https://www.myntra.comjeans/levis/levis-men-slim-tapered-fit-light-fade-stretchable-jeans/31579386/buy
Louis Philippe Jeans,3203,3599,Men Black Jeans,Sizes: 32,https://www.myntra.comjeans/louis+philippe+jeans/louis-philippe-jeans-men-black-jeans/19857836/buy
Calvin Klein Jeans,4799,7999,Women Jeans,Sizes: 34,https://www.myntra.comjeans/calvin+klein+jeans/calvin-klein-jeans-women-jeans/31207009/buy
Levis,1471,3199,Men 512 Slim Fit Jeans,Sizes: 32,https://www.myntra.comjeans/levis/levis-men-512-slim-fit-light-fade-stretchable-jeans/25756736/buy
Calvin Klein Jeans,6599,10999,Women Jeans,Sizes: 32,https://www.myntra.comjeans/calvin+klein+jeans/calvin-klein-jeans-women-jeans/31207007/buy
Pepe Jeans,3999,N/A,Men Jeans,Sizes: 38,https://www.myntra.comjeans/pepe+jeans/pepe-jeans-men-holborne-stretchable-jeans/32424196/buy
Levis,1379,2999,Men 512 Slim Fit Jeans,Sizes: 40,https://www.myntra.comjeans/levis/levis-men-512-slim-fit-light-fade-stretchable-jeans/25756698/buy
Pepe Jeans,3499,N/A,Women Cropped Jeans,Sizes: 34,https://www.myntra.comjeans/pepe+jeans/pepe-jeans-women-blue-cropped-jeans/19706384/buy
Versace Jeans Couture,33500,N/A,Men Jeans,Sizes: 40,https://www.myntra.comjeans/versace+jeans+couture/versace-jeans-couture-men-jeans/33023182/buy
Pepe Jeans,845,1799,Boys Slim Fit Jeans,Sizes: 8-9Y,https://www.myntra.comjeans/pepe+jeans/pepe-jeans-boys-slim-fit-light-fade-stretchable-jeans/28157094/buy
Calvin Klein Jeans,4799,7999,Women Jeans,Sizes: 34,https://www.myntra.comjeans/calvin+klein+jeans/calvin-klein-jeans-women-jeans/31028827/buy
Voi Jeans,2219,3699,Men Jeans,Sizes: 30,https://www.myntra.comjeans/voi+jeans/voi-jeans-men-light-fade-jeans/30949325/buy
Levis,1819,3499,Men Slim Fit Jeans,Sizes: 28,https://www.myntra.comjeans/levis/levis-men-slim-fit-light-fade-stretchable-jeans/31573946/buy
Louis Philippe Jeans,3203,3599,Men Mid-Rise Jeans,Sizes: 42,https://www.myntra.comjeans/louis+philippe+jeans/louis-philippe-jeans-men-jeans/30258435/buy
Kraus Jeans,997,1995,Women High-Rise Jeans,Sizes: 30,https://www.myntra.comjeans/kraus+jeans/kraus-jeans-women-high-rise-jeans/33209589/buy
Levis,1563,3399,Men 512 Slim Fit Jeans,Sizes: 42,https://www.myntra.comjeans/levis/levis-men-512-slim-fit-light-fade-stretchable-jeans/25756708/buy
Kraus Jeans,847,1695,Women Skinny Fit Jeans,Sizes: 28,https://www.myntra.comjeans/kraus+jeans/kraus-jeans-women-skinny-fit-jeans/31568330/buy
Kraus Jeans,847,1695,Women Skinny Fit Jeans,Sizes: 28,https://www.myntra.comjeans/kraus+jeans/kraus-jeans-women-skinny-fit-jeans/31567939/buy
Levis,1379,2999,Men 511 Slim Fit Jeans,Sizes: 36,https://www.myntra.comjeans/levis/levis-men-511-slim-fit-heavy-fade-stretchable-jeans/25756808/buy
Kraus Jeans,947,1895,Women Skinny Fit Jeans,Sizes: 28,https://www.myntra.comjeans/kraus+jeans/kraus-jeans-women-skinny-fit-jeans/27867588/buy
SF JEANS by Pantaloons,1272,1899,Women Cotton Jeans,Sizes: 34,https://www.myntra.comjeans/sf+jeans+by+pantaloons/sf-jeans-by-pantaloons-women-cotton-jeans/20138074/buy
Jack & Jones,3499,4999,Men Wide Leg High-Rise Jeans,Sizes: 30,https://www.myntra.comjeans/jack+%26+jones/jack--jones-men-wide-leg-high-rise-mildly-distressed-light-fade-stretchable-jeans/32680690/buy
SF JEANS by Pantaloons,1272,1899,Women Cotton  Jeans,Sizes: 28,https://www.myntra.comjeans/sf+jeans+by+pantaloons/sf-jeans-by-pantaloons-women-cotton-jeans/20138070/buy
Pepe Jeans,1631,3399,Men Jeans,Sizes: 34,https://www.myntra.comjeans/pepe+jeans/pepe-jeans-men-holborne-stretchable-jeans/32424059/buy
Jack & Jones,8399,11999,Relaxed Fit Cotton Jeans,Sizes: 34/32,https://www.myntra.comjeans/jack+%26+jones/jack--jones-men-relaxed-fit-mid-rise-light-fade-cotton-jeans/32665169/buy
Pepe Jeans,1319,2199,Boys Bootcut Jeans,Sizes: 6-7Y,https://www.myntra.comjeans/pepe+jeans/pepe-jeans-boys-bootcut-stretchable-jeans/27469576/buy
Kraus Jeans,1935,2150,Women High-Rise Jeans,Sizes: 28,https://www.myntra.comjeans/kraus+jeans/kraus-jeans-women-high-rise-jeans/33766109/buy
Pepe Jeans,2699,5999,Men Slim Fit Stretchable Jeans,Sizes: 30,https://www.myntra.comjeans/pepe+jeans/pepe-jeans-men-slim-fit-mildly-distressed-light-fade-whiskers-stretchable-jeans/27281702/buy
Kraus Jeans,1606,2295,Women High-Rise Jeans,Sizes: 34,https://www.myntra.comjeans/kraus+jeans/kraus-jeans-women-high-rise-jeans/31386425/buy
Pepe Jeans,1899,2299,Men Holborne Stretchable Jeans,Sizes: 36,https://www.myntra.comjeans/pepe+jeans/pepe-jeans-men-holborne-stretchable-jeans/31266856/buy
Levis,2235,4299,Men 511 Slim Fit Jeans,Sizes: 40,https://www.myntra.comjeans/levis/levis-men-511-slim-fit-heavy-fade-stretchable-jeans/30189238/buy
Pepe Jeans,3599,N/A,Men Jeans,Sizes: 32,https://www.myntra.comjeans/pepe+jeans/pepe-jeans-men-holborne-stretchable-jeans/32424078/buy
Pepe Jeans,1349,2999,Women Bootcut Jeans,Sizes: 26,https://www.myntra.comjeans/pepe+jeans/pepe-jeans-women-bootcut-stretchable-jeans/27610386/buy
Jack & Jones,4199,5999,Men Wide Leg Low-Rise Jeans,Sizes: 30,https://www.myntra.comjeans/jack+%26+jones/jack--jones-men-low-rise-straight-fit-light-fade-stretchable-jeans/32680028/buy
Jack & Jones,4199,5999,Men Wide Leg Low-Rise Jeans,Sizes: 30,https://www.myntra.comjeans/jack+%26+jones/jack--jones-men-low-rise-straight-fit-light-fade-stretchable-jeans/32680028/buy
Versace Jeans Couture,48500,N/A,Women Jeans,Sizes: 26,https://www.myntra.comjeans/versace+jeans+couture/versace-jeans-couture-women-jeans/33023269/buy
Kraus Jeans,847,1695,Women Skinny Fit Jeans,Sizes: 28,https://www.myntra.comjeans/kraus+jeans/kraus-jeans-women-skinny-fit-jeans/31568330/buy
ZUSH,1899,3000,Men  Plus Size Cotton Jeans,Sizes: 44,https://www.myntra.comjeans/zush/zush-men-plus-size-blue-light-fade-stretchable-cotton-jeans/20945580/buy
Kraus Jeans,847,1695,Women Skinny Fit Jeans,Sizes: 28,https://www.myntra.comjeans/kraus+jeans/kraus-jeans-women-skinny-fit-jeans/31567939/buy
Pepe Jeans,1589,2999,Men Jeans,Sizes: 34,https://www.myntra.comjeans/pepe+jeans/pepe-jeans-men-holborne-stretchable-jeans/32424186/buy
Pepe Jeans,4599,N/A,Men Slim Fit Jeans,Sizes: 28,https://www.myntra.comjeans/pepe+jeans/pepe-jeans-men-vapour-slim-fit-jeans/32530338/buy
Kraus Jeans,997,1995,Women Skinny Fit Jeans,Sizes: 28,https://www.myntra.comjeans/kraus+jeans/kraus-jeans-women-skinny-fit-jeans/27867666/buy
Pepe Jeans,1899,3799,Men Tapered Fit Low-Rise Jeans,Sizes: 30,https://www.myntra.comjeans/pepe+jeans/pepe-jeans-men-tapered-fit-low-rise-mildly-distressed-heavy-fade-stretchable-jeans/29280536/buy
Pepe Jeans,2999,N/A,Women Mid-Rise Jeans,Sizes: 30,https://www.myntra.comjeans/pepe+jeans/pepe-jeans-women-mid-rise-jeans/31619656/buy
Pepe Jeans,1699,3399,Men Bootcut Jeans,Sizes: 34,https://www.myntra.comjeans/pepe+jeans/pepe-jeans-men-bootcut-stretchable-jeans/30646037/buy
Levis,1715,3299,Men Slim Fit Jeans,Sizes: 40,https://www.myntra.comjeans/levis/levis-men-511-slim-fit-light-fade-stretchable-jeans/31284311/buy
Pepe Jeans,3219,4599,Men Mid-Rise Jeans,Sizes: 30,https://www.myntra.comjeans/pepe+jeans/pepe-jeans-men-mid-rise-jeans/31266858/buy
Pepe Jeans,2799,3999,Men Jeans,Sizes: 36,https://www.myntra.comjeans/pepe+jeans/pepe-jeans-men-holborne-stretchable-jeans/31134944/buy
Jack & Jones,4249,4999,Men Slim Fit Low-Rise Jeans,Sizes: 31/29,https://www.myntra.comjeans/jack+%26+jones/jack--jones-men-slim-fit-low-rise-light-fade-stretchable-jeans/32919339/buy
Pepe Jeans,3219,4599,Men Jeans,Sizes: 38,https://www.myntra.comjeans/pepe+jeans/pepe-jeans-men-holborne-stretchable-jeans/30865048/buy
Pepe Jeans,2799,3999,Men Straight Fit Jeans,Sizes: 34,https://www.myntra.comjeans/pepe+jeans/pepe-jeans-men-straight-fit-jeans/30865040/buy
Jack & Jones,2379,2799,Men Mid-Rise Stretchable Jeans,Sizes: 28/30,https://www.myntra.comjeans/jack+%26+jones/jack--jones-men-clark-mid-rise-light-fade-dark-shade-clean-look-stretchable-jeans/24857568/buy
Kraus Jeans,1047,2095,Women Skinny Fit Jeans,Sizes: 34,https://www.myntra.comjeans/kraus+jeans/kraus-jeans-women-skinny-fit-jeans/28412718/buy
Kraus Jeans,1097,2195,Women High-Rise Jeans,Sizes: 34,https://www.myntra.comjeans/kraus+jeans/kraus-jeans-women-high-rise-jeans/27616808/buy
Jack & Jones,4249,4999,Men Bootcut High-Rise Jeans,Sizes: 34/32,https://www.myntra.comjeans/jack+%26+jones/jack--jones-men-bootcut-high-rise-stretchable-jeans/33133966/buy
Voi Jeans,1799,3299,Men Slim Fit Jeans,Sizes: 30,https://www.myntra.comjeans/voi+jeans/voi-jeans-men-slim-fit-jeans/23470078/buy
Voi Jeans,1575,3499,Men Regular Fit Jeans,Sizes: 36,https://www.myntra.comjeans/voi+jeans/voi-jeans-men-regular-fit-jeans/22268584/buy
Jack & Jones,4249,4999,Men Wide Leg High-Rise Jeans,Sizes: 36,https://www.myntra.comjeans/jack+%26+jones/jack--jones-men-wide-leg-high-rise-light-fade-jeans/32571551/buy
Pepe Jeans,2549,2999,Skinny Fit High-Rise Jeans,Sizes: 26,https://www.myntra.comjeans/pepe+jeans/pepe-jeans-women-black-jeans-skinny-fit-high-rise-stretchable-jeans/16717954/buy
Pepe Jeans,1299,2399,Women FRISKY Jeans,Sizes: 26,https://www.myntra.comjeans/pepe+jeans/pepe-jeans-women-blue-frisky-jeans/70172/buy
Pepe Jeans,857,2199,Boys Slim Fit Jeans,Sizes: 14Y,https://www.myntra.comjeans/pepe+jeans/pepe-jeans-boys-slim-fit-mildly-distressed-light-fade-stretchable-jeans/23677532/buy
Kraus Jeans,897,1795,Women Skinny Fit Jeans,Sizes: 28,https://www.myntra.comjeans/kraus+jeans/kraus-jeans-women-skinny-fit-jeans/32513901/buy
Calvin Klein Jeans,7199,8999,Women Bootcut Jeans,Sizes: 24,https://www.myntra.comjeans/calvin+klein+jeans/calvin-klein-jeans-women-bootcut-jeans/21201108/buy
Jack & Jones,4249,4999,Men Slim Fit Low-Rise Jeans,Sizes: 28/30,https://www.myntra.comjeans/jack+%26+jones/jack--jones-men-slim-fit-low-rise-light-fade-stretchable-jeans/33311765/buy
Pepe Jeans,3999,N/A,Men Jeans,Sizes: 34,https://www.myntra.comjeans/pepe+jeans/pepe-jeans-men-jeans/32530340/buy
United Colors of Benetton,1097,1799,Boys Slim Fit Jeans,Sizes: 4-5Y,https://www.myntra.comjeans/united+colors+of+benetton/united-colors-of-benetton-boys-slim-fit--jeans/30388953/buy
Pepe Jeans,1299,2399,Boys Mid-Rise Slim Fit Jeans,Sizes: 4Y,https://www.myntra.comjeans/pepe+jeans/pepe-jeans-boys-clean-look-mid-rise-slim-fit-light-fade-stretchable-jeans/24713536/buy
H&M,1599,1999,Wide High Jeans,Sizes: 32,https://www.myntra.comjeans/h%26m/hm-wide-high-jeans/32557620/buy
U.S. Polo Assn. Kids,1034,2299,Boys Slim Fit Cotton Jeans,Sizes: 6-12M,https://www.myntra.comjeans/u.s.+polo+assn.+kids/us-polo-assn-kids-boys-slim-fit-whiskers--chevrons-light-fade-pure-cotton-jeans/24592066/buy
RARE ONES,2899,N/A,Boys Relaxed Fit Jeans,Sizes: 8-9Y,https://www.myntra.comjeans/rare+ones/rare-ones-boys-relaxed-fit-highly-distressed-light-fade-jeans/33448936/buy
Bene Kleed,804,2299,Relaxed Fit Denim Jeans,Sizes: 32,https://www.myntra.comjeans/bene+kleed/bene-kleed-pure-cotton-mid-rise-relaxed-fit-denim-jeans/21679346/buy
Levis,1517,3299,Men 512 Slim Tapered Fit Jeans,Sizes: 28,https://www.myntra.comjeans/levis/levis-men-512-slim-tapered-fit-light-fade-stretchable-jeans/31284327/buy
Pepe Jeans,857,2199,Boys Slim Fit Jeans,Sizes: 8Y,https://www.myntra.comjeans/pepe+jeans/pepe-jeans-boys-mid-rise-slim-fit-light-fade-jeans/23405644/buy
Jack & Jones,1484,3299,Men Low-Rise Jeans,Sizes: 36,https://www.myntra.comjeans/jack+%26+jones/jack--jones-men-black-regular-fit-solid-low-rise-jeans/20292178/buy
HIGHLANDER,441,1299,Men Slim Fit Jeans,Sizes: 38,https://www.myntra.comjeans/highlander/highlander-men-black-slim-fit-mid-rise-clean-look-stretchable-jeans/8890027/buy
Levis,1379,2999,Men 512 Slim Tapered Fit Jeans,Sizes: 28,https://www.myntra.comjeans/levis/levis-men-512-slim-tapered-fit-light-fade-stretchable-jeans/25756836/buy
V-Mart,679,799,Light Fade  Cargo Jeans,Sizes: 9-10Y,https://www.myntra.comjeans/v-mart/v-mart-boys-light-fade--cargo-jeans/33446996/buy
Urbano Juniors,604,1099,Boys Slim Fit Jeans,Sizes: 13-14Y,https://www.myntra.comjeans/urbano+juniors/urbano-juniors-boys-black-slim-fit-mid-rise-clean-look-stretchable-jeans/11851554/buy
Pepe Jeans,1299,2199,Boys Slim Fit Jeans,Sizes: 15-16Y,https://www.myntra.comjeans/pepe+jeans/pepe-jeans-boys-slim-fit-low-distress-light-fade-jeans/21986974/buy
Levis,1517,3299,Men 511 Slim Fit Jeans,Sizes: 42,https://www.myntra.comjeans/levis/levis-men-511-slim-fit-light-fade-stretchable-jeans/31284357/buy
HIGHLANDER,645,1899,Men Slim Fit Jeans,Sizes: 32,https://www.myntra.comjeans/highlander/highlander-highlander-ankle-length-highly-distressed-stretchable-denim-jeans/8206985/buy
Jack & Jones,3499,4999,Men Relaxed Fit Jeans,Sizes: 34,https://www.myntra.comjeans/jack+%26+jones/jack--jones-men-relaxed-fit-high-rise-light-fade-cotton-jeans/32571504/buy
Levis,1884,2899,Women Bootcut High-Rise Jeans,Sizes: 27,https://www.myntra.comjeans/levis/levis-women-725-bootcut-high-rise-heavy-fade-stretchable-jeans/29273146/buy
Pepe Jeans,1649,2999,Men Black Jeans,Sizes: 38,https://www.myntra.comjeans/pepe+jeans/pepe-jeans-men-black-jeans/15766702/buy
Levis,1715,3299,Men 511 Slim Fit Jeans,Sizes: 28,https://www.myntra.comjeans/levis/levis-men-511-slim-fit-stretchable-jeans/31284353/buy
Bombay Shirt Company,4041,4490,Men Slim Fit Low-Rise Jeans,Sizes: 38,https://www.myntra.comjeans/bombay+shirt+company/bombay-shirt-company-men-comfort-slim-fit-low-rise-jeans/32290424/buy
Style Quotient,1289,2999,Men Cotton Cargo Jeans,Sizes: 36,https://www.myntra.comjeans/style+quotient/style-quotient-men-relaxed-fit-mid-rise-clean-look-cotton-cargo-denim-jeans/28203884/buy
H&M,1299,N/A,Wide Denim-Look Trousers,Sizes: 8-9Y,https://www.myntra.comjeans/h%26m/hm-wide-denim-look-trousers/32321056/buy
AD By Arvind,1499,2499,Men Relaxed Fit Jeans,Sizes: 32,https://www.myntra.comjeans/ad+by+arvind/ad-by-arvind-men-relaxed-fit-low-distress-heavy-fade-jeans/32466333/buy
Pepe Jeans,1899,2299,Men Stretchable Jeans,Sizes: 38,https://www.myntra.comjeans/pepe+jeans/pepe-jeans-men-holborne-stretchable-casual-jeans/31266819/buy
Allen Solly Junior,991,1599,Boys Slim Fit Jeans,Sizes: 9-10Y,https://www.myntra.comjeans/allen+solly+junior/allen-solly-junior-boys-slim-fit-stretchable-jeans/33102202/buy
Jack & Jones,2379,2799,Men Bootcut Mid Rise Jeans,Sizes: 34/32,https://www.myntra.comjeans/jack+%26+jones/jack--jones-men-bootcut-mid-rise-heavy-fade-stretchable-jeans/24606984/buy
WROGN,1651,2799,Men Stretchable Cargo Jeans,Sizes: 28,https://www.myntra.comjeans/wrogn/wrogn-men-stretchable-cargo-jeans/29330866/buy
Levis,1710,2899,Men Slim Tapered Fit Jeans,Sizes: 28,https://www.myntra.comjeans/levis/levis-men-512-slim-tapered-fit-stretchable-jeans/31347066/buy
Jack & Jones,4249,4999,Men Slim Fit Low-Rise Jeans,Sizes: 34/34,https://www.myntra.comjeans/jack+%26+jones/jack--jones-men-slim-fit-low-rise-stretchable-jeans/27579198/buy
Ben Martin,999,2999,Tapered Fit High-Rise Jeans,Sizes: 28,https://www.myntra.comjeans/ben+martin/ben-martin-men-carrot-tapered-fit-high-rise-stretchable-jeans/30806192/buy
Bene Kleed,999,2499,Pure Cotton Straight Fit Jeans,Sizes: 28,https://www.myntra.comjeans/bene+kleed/bene-kleed-men-pure-cotton-mid-rise-straight-fit-jeans/24459978/buy
Jack & Jones,8399,11999,Men Light Fade Denim Jeans,Sizes: 34/34,https://www.myntra.comjeans/jack+%26+jones/jack--jones-men-high-rise-light-fade-cotton-baggy-jeans/32665241/buy
max,999,N/A,Boys Cotton Clean Look Jeans,Sizes: 11-12Y,https://www.myntra.comjeans/max/max-boys-cotton-no-fade-clean-look-jeans/30998462/buy
Louis Philippe Jeans,1649,2999,Men Slim Fit Mid-Rise Jeans,Sizes: 34,https://www.myntra.comjeans/louis+philippe+jeans/louis-philippe-jeans-men-black-slim-fit-mid-rise-clean-look-stretchable-jeans/20325476/buy
Jack & Jones,3399,3999,Men Slim Fit Low-Rise Jeans,Sizes: 29/30,https://www.myntra.comjeans/jack+%26+jones/jack--jones-men-slim-fit-low-rise-highly-distressed-light-fade-stretchable-jeans/32919356/buy
Jack & Jones,1499,2999,Men Ray Bootcut Jeans,Sizes: 30,https://www.myntra.comjeans/jack+%26+jones/jack--jones-men-mid-rise-ray-bootcut-light-fade-stretchable-jeans/25917812/buy
Levis,1439,2999,Men 511 Slim Fit Jeans,Sizes: 42,https://www.myntra.comjeans/levis/levis-men-511-slim-fit-jeans/25756688/buy
Pepe Jeans,899,1999,Boys Stretchable Jeans,Sizes: 4-5Y,https://www.myntra.comjeans/pepe+jeans/pepe-jeans-boys-slim-fit-mid-rise-stretchable-clean-look-jeans/24759466/buy
Snitch,1799,N/A,Mid Rise Stretchable Jeans,Sizes: 38,https://www.myntra.comjeans/snitch/snitch-men-smart-bootcut-mildly-distressed-light-fade-mid-rise-stretchable-jeans/30279266/buy
Levis,1379,2999,Men 511 Slim Fit Jeans,Sizes: 30,https://www.myntra.comjeans/levis/levis-men-511-slim-fit-stretchable-jeans/25756702/buy
Jack & Jones,4199,5999,Men Skinny Fit Low-Rise Jeans,Sizes: 31/32,https://www.myntra.comjeans/jack+%26+jones/jack--jones-men-ben-skinny-fit-low-rise-light-fade-jeans/32314563/buy
bigbanana,1679,3499,Plus Size Men Mid-Rise Jeans,Sizes: 48,https://www.myntra.comjeans/bigbanana/bigbanana-plus-size-men-mid-rise-clean-look-stretchable-jeans/23853518/buy
HIGHLANDER,463,1449,Men Slim Fit Jeans,Sizes: 32,https://www.myntra.comjeans/highlander/highlander-men-grey-slim-fit-mid-rise-clean-look-stretchable-jeans/13938110/buy
Jack & Jones,3849,5499,Men Wide Leg High-Rise Jeans,Sizes: 31,https://www.myntra.comjeans/jack+%26+jones/jack--jones-men-wide-leg-high-rise-clean-look-light-fade-jeans/33032472/buy
Levis,1715,3299,Men 512 Slim Fit Jeans,Sizes: 40,https://www.myntra.comjeans/levis/levis-men-512-slim-tapered-fit-light-fade-stretchable-jeans/31284280/buy
max,599,N/A,Boys Jeans,Sizes: 8-9Y,https://www.myntra.comjeans/max/max-boys-jeans/32835399/buy
Allen Solly,1351,2599,Men Skinny Fit Jeans,Sizes: 30,https://www.myntra.comjeans/allen+solly/allen-solly-men-skinny-fit-light-fade-stretchable-jeans/33078890/buy
HERE&NOW,985,3399,Men Relaxed Fit Cotton Jeans,Sizes: 38,https://www.myntra.comjeans/here%26now/herenow-men-loose-relaxed-fit-pure-cotton-jeans/28601016/buy
Pepe Jeans,779,1999,Cashed Boys Slim Fit Jeans,Sizes: 8-9Y,https://www.myntra.comjeans/pepe+jeans/pepe-jeans-cashed-boys-slim-fit-mid-rise-low-distress-heavy-fade-stretchable-jeans/28474804/buy
Jack & Jones,3399,3999,Men Slim Fit Low-Rise Jeans,Sizes: 31/29,https://www.myntra.comjeans/jack+%26+jones/jack--jones-men-slim-fit-low-rise-light-fade-stretchable-jeans/33032466/buy
CUTECUMBER,1100,2250,Girls Stretchable Jeans,Sizes: 8-9Y,https://www.myntra.comjeans/cutecumber/cutecumber-girls-blue-low-distress-embroidered-stretchable-jeans/19154438/buy
Miss Chase,1343,2399,Women Wide Leg High-Rise Jeans,Sizes: 30,https://www.myntra.comjeans/miss+chase/miss-chase-women-high-rise-regular-length-stretchable-bootcut-denim-jeans/30575877/buy
Jack & Jones,3399,3999,Men Slim Fit Cotton Jeans,Sizes: 34/32,https://www.myntra.comjeans/jack+%26+jones/jack--jones-men-slim-fit-low-rise-cotton-jeans/22278474/buy
HIGHLANDER,405,1399,Men Tapered Fit Jeans,Sizes: 30,https://www.myntra.comjeans/highlander/highlander-men-black-tapered-fit-jeans/15228444/buy
H&M,1499,N/A,Relaxed Fit Jeans,Sizes: 9-10Y,https://www.myntra.comjeans/h%26m/hm-relaxed-fit-jeans/32494725/buy
Jack & Jones,6299,8999,Men Wide Leg High-Rise Jeans,Sizes: 36,https://www.myntra.comjeans/jack+%26+jones/jack--jones-men-wide-leg-high-rise-highly-distressed-jeans/33032495/buy
Levis,1923,3699,Men 511 Slim Fit Jeans,Sizes: 38,https://www.myntra.comjeans/levis/levis-men-511-slim-fit-light-fade-stretchable-jeans/31284309/buy
Levis,2079,3999,Women Bootcut High-Rise Jeans,Sizes: 32,https://www.myntra.comjeans/levis/levis-women-ribcage-bootcut-high-rise-heavy-fade-stretchable-jeans/30616508/buy
Jack & Jones,3824,4499,Men Low-Rise Jeans,Sizes: 30/30,https://www.myntra.comjeans/jack+%26+jones/jack--jones-men-clark-low-rise-light-fade-stretchable-jeans/32919349/buy
Aeropostale,1701,3699,Men Cotton Baggy Jeans,Sizes: 32,https://www.myntra.comjeans/aeropostale/aeropostale-men-pure-cotton-baggy-light-fade-jeans/31307557/buy
H&M,799,N/A,Superstretch Slim Fit Jeans,Sizes: 5-6Y,https://www.myntra.comjeans/h%26m/hm-boys-superstretch-slim-fit-jeans/32494715/buy
Jack & Jones,4674,5499,Men Bootcut High-Rise Jeans,Sizes: 32/32,https://www.myntra.comjeans/jack+%26+jones/jack--jones-men-bootcut-high-rise-light-fade-stretchable-jeans/33503593/buy
HERE&NOW,599,1999,Men Mid Rise Stretchable Jeans,Sizes: 32,https://www.myntra.comjeans/here%26now/herenow-men-mid-rise-smart-slim-fit-stretchable-jeans/25149890/buy
Pepe Jeans,1169,2599,Boys Denim Joggers,Sizes: 10-11Y,https://www.myntra.comjeans/pepe+jeans/pepe-jeans-boys-heavy-fade-stretchable-denim-joggers-/26266946/buy
Pepe Jeans,2799,N/A,Men Slim Fit Mid-Rise Jeans,Sizes: 32,https://www.myntra.comjeans/pepe+jeans/pepe-jeans-men-slim-fit-mid-rise-clean-look-stretchable-jeans/28475246/buy
Levis,1710,2899,Men 511 Slim Fit Jeans,Sizes: 38,https://www.myntra.comjeans/levis/levis-men-511-slim-fit-light-fade-stretchable-jeans/31347083/buy
max,499,599,Boys Mid-Rise Clean Look Jeans,Sizes: 15-16Y,https://www.myntra.comjeans/max/max-boys-mid-rise-light-fade-clean-look-stretchable-jeans/26128740/buy
Louis Philippe Jeans,1799,2999,Men Low-Rise Jeans,Sizes: 34,https://www.myntra.comjeans/louis+philippe+jeans/louis-philippe-jeans-men-low-rise-light-fade-stretchable-jeans/33085503/buy
max,549,699,Boys Jeans,Sizes: 11-12Y,https://www.myntra.comjeans/max/max-boys-blue-heavy-fade-jeans/17431644/buy
glitchez,747,2199,Men Baggy Loose Jeans,Sizes: 30,https://www.myntra.comjeans/glitchez/glitchez-men-timeless-cool-baggy-loose-jeans/31596646/buy
Aarika,799,1999,Girls High-Rise Jeans,Sizes: 12-13Y,https://www.myntra.comjeans/aarika/aarika-girls-solid-cotton-denim-high-rise-jeans/32045139/buy
H&M,1499,N/A,Flared High Jeans,Sizes: 28,https://www.myntra.comjeans/h%26m/hm-flared-high-jeans/32557628/buy
Urbano Fashion,559,1399,Men Slim Fit Jeans,Sizes: 28,https://www.myntra.comjeans/urbano+fashion/urbano-fashion-men-black-slim-fit-mid-rise-clean-look-stretchable-jeans/13823708/buy
Levis,1349,2699,Men 512 Skinny Fit Jeans,Sizes: 34,https://www.myntra.comjeans/levis/levis-men-512-skinny-fit-light-fade-stretchable-jeans/31394949/buy
Bene Kleed,988,2299,Men Cotton Relaxed Fit Jeans,Sizes: 28,https://www.myntra.comjeans/bene+kleed/bene-kleed-men-pure-cotton-loose-fit-crop-jeans/25349584/buy
Allen Solly Junior,799,1599,Boys Skinny Fit Jeans,Sizes: 11-12Y,https://www.myntra.comjeans/allen+solly+junior/allen-solly-junior-boys-skinny-fit-mid-rise-clean-look-stretchable-jeans/28983048/buy
glitchez,559,1999,Men Wide Leg Jeans,Sizes: 30,https://www.myntra.comjeans/glitchez/glitchez-men-classic-edge-wide-leg-mildly-distressed-light-fade-jeans/31596600/buy
MARVEL STREET,924,3699,Men Pure Cotton Jeans,Sizes: 30,https://www.myntra.comjeans/marvel+street/marvel-street-men-baggy-printed-pure-cotton-jeans/31370829/buy
Allen Solly,1351,2599,Men Skinny Fit Mid-Rise Jeans,Sizes: 38,https://www.myntra.comjeans/allen+solly/allen-solly-men-skinny-fit-mid-rise-heavy-fade-stretchable-jeans/33078894/buy
HIGHLANDER,589,2299,Men Relaxed Fit Jeans,Sizes: 30,https://www.myntra.comjeans/highlander/highlander-men-clean-look-mid-rise-relaxed-fit-jeans/24656720/buy
The Indian Garage Co,619,1999,Men Slim Fit Jeans,Sizes: 30,https://www.myntra.comjeans/the+indian+garage+co/the-indian-garage-co-men-blue-slim-fit-light-fade-stretchable-jeans/17371272/buy
Roadster,747,1699,Men Regular Fit Jeans,Sizes: 34,https://www.myntra.comjeans/roadster/the-roadster-life-co-men-regular-fit-mid-rise-jeans/32591863/buy
HERE&NOW,669,1599,Men Slim Fit Cotton Jeans,Sizes: 36,https://www.myntra.comjeans/here%26now/herenow-men-smart-slim-fit-stretchable-cotton-jeans/22123524/buy
Urbano Juniors,699,1399,Boys Solid Slim Fit Jeans,Sizes: 9-10Y,https://www.myntra.comjeans/urbano+juniors/urbano-juniors-boys-navy-blue-solid-slim-fit-stretchable-jeans/20634632/buy
Roadster,681,2199,Men Carrot Fit Jeans,Sizes: 36,https://www.myntra.comjeans/roadster/roadster-men-blue-carrot-fit-stretchable-jeans/14638034/buy
Roadster,827,2299,Women Bootcut Mid-Rise Jeans,Sizes: 28,https://www.myntra.comjeans/roadster/the-roadster-lifestyle-co-women-navy-blue-bootcut-mid-rise-stretchable-jeans/13710518/buy
Mast & Harbour,755,2099,Men Carrot Fit Jeans,Sizes: 28,https://www.myntra.comjeans/mast+%26+harbour/mast--harbour-men-carrot-fit-stretchable-jeans/20604314/buy
glitchez,681,2199,Men Korean Baggy Jeans,Sizes: 30,https://www.myntra.comjeans/glitchez/glitchez-men-coloured-korean-baggy-jeans/32031435/buy
Roadster,874,2499,Men Straight Fit Jeans,Sizes: 32,https://www.myntra.comjeans/roadster/roadster-men-straight-fit-light-fade-stretchable-jeans/25004976/buy
U.S. Polo Assn. Denim Co.,1214,2699,Men Slim Straight Fit Jeans,Sizes: 32,https://www.myntra.comjeans/u.s.+polo+assn.+denim+co./us-polo-assn-denim-co-men-harold-slim-straight-fit-light-fade-stretchable-jeans/30425169/buy
glitchez,655,1599,Men Regular Fit Jeans,Sizes: 36,https://www.myntra.comjeans/glitchez/glitchez-men-timeless-classic-regular-fit-light-fade-jeans/32033067/buy
Aadvi Fashion,719,2999,Women High-Rise Wide Leg Jeans,Sizes: 30,https://www.myntra.comjeans/aadvi+fashion/aadvi-fashion-women-original-high-rise-stretchable-wide-leg-jeans/32481893/buy
The Indian Garage Co,974,2499,Men Slim Fit Heavy Fade Jeans,Sizes: 32,https://www.myntra.comjeans/the+indian+garage+co/the-indian-garage-co-men-slim-fit-heavy-fade-stretchable-jeans/25731738/buy
Pepe Jeans,1547,3599,Men Relaxed Fit Jeans,Sizes: 30,https://www.myntra.comjeans/pepe+jeans/pepe-jeans-men-james-relaxed-fit-light-fade-stretchable-jeans/32280511/buy
HIGHLANDER,649,1949,Men Stretchable Jeans,Sizes: 38,https://www.myntra.comjeans/highlander/highlander-men-tapered-fit-clean-look-stretchable-jeans/25042506/buy
V-Mart,449,499,Boys Jeans,Sizes: 5-6Y,https://www.myntra.comjeans/v-mart/v-mart-boys-light-fade-jeans/32859172/buy
Bene Kleed,999,2999,Mid-Rise Baggy Fit Jeans,Sizes: 30,https://www.myntra.comjeans/bene+kleed/bene-kleed-men-mid-rise-baggy-fit-cotton-jeans/27109142/buy
glitchez,679,1999,Women Wide Leg Jeans,Sizes: 30,https://www.myntra.comjeans/glitchez/glitchez-women-distressed-wide-leg-light-fade-jeans/33145580/buy
Hubberholme,1239,3999,Men Relaxed Fit Jeans,Sizes: 36,https://www.myntra.comjeans/hubberholme/hubberholme-men-relaxed-fit-clean-look-stretchable-jeans/27485912/buy
V-Mart,827,899,Clean Look Light Fade Jeans,Sizes: 38,https://www.myntra.comjeans/v-mart/v-mart-men-cotton-regular-fit-clean-look-light-fade-jeans/32670531/buy
Urbano Fashion,959,2399,Men Relaxed Fit Cotton Jeans,Sizes: 36,https://www.myntra.comjeans/urbano+fashion/urbano-fashion-mens--loose-baggy-fit-non-stretchable-washed-jeans-/30026562/buy
MARVEL STREET,901,4099,Men Cotton Wide Leg Jeans,Sizes: 36,https://www.myntra.comjeans/marvel+street/marvel-street-men-pure-cotton-wide-leg-printed-jeans/31370864/buy
Pantaloons Junior,799,N/A,Girls Flared Jeans,Sizes: 15-16Y,https://www.myntra.comjeans/pantaloons+junior/pantaloons-junior-girls-flared-slash-knee-jeans/32647472/buy
The Indian Garage Co,619,1999,Men Slim Fit Jeans,Sizes: 30,https://www.myntra.comjeans/the+indian+garage+co/the-indian-garage-co-men-blue-slim-fit-light-fade-stretchable-jeans/17729322/buy
Allen Solly,1351,2599,Men Skinny Fit Jeans,Sizes: 38,https://www.myntra.comjeans/allen+solly/allen-solly-men-skinny-fit-light-fade-stretchable-jeans/33078941/buy
BAESD,639,1999,Boys Cotton Cargo Jeans,Sizes: 8-9Y,https://www.myntra.comjeans/baesd/baesd-boys-clean-look-cotton-cargo-jeans/29280032/buy
glitchez,607,1599,Men Loose Baggy Fit Jeans,Sizes: 30,https://www.myntra.comjeans/glitchez/glitchez-men-edgy-grunge-loose-baggy-fit-mildly-distressed-light-fade-jeans/31239112/buy
FASHIONFIBRE,1169,2999,Women Straight Fit Jeans,Sizes: 34,https://www.myntra.comjeans/fashionfibre/fashionfibre-women-straight-fit-high-rise-clean-look-light-fade-whiskers-cotton-jeans/29792354/buy
HIGHLANDER,482,2299,Men Slim Fit Jeans,Sizes: 30,https://www.myntra.comjeans/highlander/highlander-men-black-slim-fit-stretchable-jeans/20456268/buy
glitchez,492,1699,Men Straight Fit Jeans,Sizes: 34,https://www.myntra.comjeans/glitchez/glitchez-men-classic-edge-whiskers--chevrons-straight-fit-jeans/32247216/buy
BAESD,607,1599,Girls Pack Of 2 Jeans,Sizes: 5-6Y,https://www.myntra.comjeans/baesd/baesd-girls-pack-of-2-clean-look-mid-rise-cotton-jeans/29123074/buy
Roadster,629,1399,Men Slim Fit Jeans,Sizes: 32,https://www.myntra.comjeans/roadster/roadster-men-black-slim-fit-mid-rise-clean-look-jeans/2356421/buy
Sztori,849,2499,Women Plus Size Skinny Jeans,Sizes: 44,https://www.myntra.comjeans/sztori/sztori-women-plus-size-skinny-fit-light-fade-jeans/21249914/buy
Roadster,819,1999,Men Skinny Fit Jeans,Sizes: 32,https://www.myntra.comjeans/roadster/the-roadster-lifestyle-co-men-navy-blue-skinny-fit-mid-rise-clean-look-stretchable-jeans/13032150/buy
Flying Machine,1074,2499,Tapered High-Rise  Jeans,Sizes: 38,https://www.myntra.comjeans/flying+machine/flying-machine-relaxed-tapered-high-rise-jeans/32733215/buy
HERE&NOW,809,1599,Men Faded Stretchable Jeans,Sizes: 36,https://www.myntra.comjeans/here%26now/herenow-men-smart-light-fade-stretchable-jeans/23420942/buy
Mast & Harbour,1333,2899,Men Light Fade Jeans,Sizes: 30,https://www.myntra.comjeans/mast+%26+harbour/mast--harbour-men-light-fade-cotton-jeans/32769307/buy
Flying Machine,949,2499,Men Slim Tappered Fit Jeans,Sizes: 36,https://www.myntra.comjeans/flying+machine/flying-machine-men-slim-tappered-fit-stretchable-jeans/32694071/buy
glitchez,515,1199,Women Faded Straight Jeans,Sizes: 32,https://www.myntra.comjeans/glitchez/glitchez-women-dark-grunge-faded-straight-to-style-jeans/31520748/buy
glitchez,719,1999,Women Wide Leg  Jeans,Sizes: 30,https://www.myntra.comjeans/glitchez/glitchez-women-classic-cuts-wide-leg-slit-jeans/31362844/buy
SASSAFRAS BASICS,919,2299,Women Straight Fit Jeans,Sizes: 30,https://www.myntra.comjeans/sassafras+basics/sassafras-basics-women-straight-fit-high-rise-clean-look-heavy-fade-jeans/24943468/buy
Tokyo Talkies,549,2499,Women Straight Fit Jeans,Sizes: 26,https://www.myntra.comjeans/tokyo+talkies/tokyo-talkies-women-mid-rise-straight-fit-mildly-distressed-light-fade-jeans/25067594/buy
Pepe Jeans,3449,4599,Stretchable Skinny Fit Jeans,Sizes: 30,https://www.myntra.comjeans/pepe+jeans/pepe-jeans-men-heavy-fade-stretchable-skinny-fit-jeans/32598122/buy
glitchez,747,2199,Women Baggy Wide Leg Jeans,Sizes: 30,https://www.myntra.comjeans/glitchez/glitchez-women-urban-chill-baggy-wide-leg-high-rise-light-fade-panelling-jeans/31596889/buy
Miss Chase,1395,3245,Women Wide Leg High-Rise Jeans,Sizes: 34,https://www.myntra.comjeans/miss+chase/miss-chase-women-wide-leg-high-rise-light-fade-stretchable-jeans/32673921/buy
AD By Arvind,1499,2499,Men Mid Rise Jeans,Sizes: 36,https://www.myntra.comjeans/ad+by+arvind/ad-by-arvind-men-relaxed-tapered-fit-mid-rise-jeans/32466339/buy
Bene Kleed,804,2299,Men Relaxed Fit Jeans,Sizes: 30,https://www.myntra.comjeans/bene+kleed/bene-kleed-men-relaxed-fit-jeans/22278798/buy
Pantaloons Junior,699,N/A,Girls Flared Jeans,Sizes: 5-6Y,https://www.myntra.comjeans/pantaloons+junior/pantaloons-junior-girls-flared-jeans/32930521/buy
Pepe Jeans,3999,N/A,Men Slim Fit Jeans,Sizes: 32,https://www.myntra.comjeans/pepe+jeans/pepe-jeans-men-vapour-slim-fit-light-fade-stretchable-jeans/33229461/buy
glitchez,719,1999,Men Straight Fit Jeans,Sizes: 34,https://www.myntra.comjeans/glitchez/glitchez-men-urban-street-straight-fit-jeans/31366449/buy
Urbano Fashion,919,2299,Men Relaxed Fit Jeans,Sizes: 34,https://www.myntra.comjeans/urbano+fashion/urbano-fashion-men-loose-fit-washed-non-stretchable-jeans-/27661976/buy
Levis,2111,3299,Men Slim Tapered Fit Jeans,Sizes: 38,https://www.myntra.comjeans/levis/levis-men-slim-tapered-fit-light-fade-stretchable-jeans/31579386/buy
glitchez,681,2199,Men Wide Leg Jeans,Sizes: 28,https://www.myntra.comjeans/glitchez/glitchez-men-light-fade-wide-leg-jeans/31596651/buy
WROGN,1333,2299,Men Slim Fit Jeans,Sizes: 36,https://www.myntra.comjeans/wrogn/wrogn-men-slim-fit-light-fade-stretchable-jeans/31799761/buy
Levis,1471,3199,Men 512 Slim Fit Jeans,Sizes: 32,https://www.myntra.comjeans/levis/levis-men-512-slim-fit-light-fade-stretchable-jeans/25756736/buy
Pantaloons Junior,639,799,Boys Jeans,Sizes: 2-3Y,https://www.myntra.comjeans/pantaloons+junior/pantaloons-junior-boys-low-distress-heavy-fade-jeans/31608857/buy
The Indian Garage Co,619,1999,Men Slim Fit Mid-Rise Jeans,Sizes: 36,https://www.myntra.comjeans/the+indian+garage+co/the-indian-garage-co-men-grey-slim-fit-mid-rise-clean-look-stretchable-jeans/16514772/buy
Levis,1379,2999,Men 512 Slim Fit Jeans,Sizes: 40,https://www.myntra.comjeans/levis/levis-men-512-slim-fit-light-fade-stretchable-jeans/25756698/buy
Roadster,835,2199,Women Baggy Wide Leg Jeans,Sizes: 26,https://www.myntra.comjeans/roadster/the-roadster-life-co-women-wide-leg-stretchable-baggy-jeans/25750060/buy
V-Mart,1049,N/A,Men Cargo Styles Jeans,Sizes: 34,https://www.myntra.comjeans/v-mart/v-mart-men-heavy-fade-regular-fit-mid-rise-cargo-styles-jeans/33156249/buy
Stylecast X Kotty,524,2499,Women Straight Fit Jeans,Sizes: 30,https://www.myntra.comjeans/stylecast+x+kotty/stylecast-x-kotty-women-jean-straight-fit-high-rise-stretchable-jeans/31359183/buy
Roadster,725,2199,Men Slim Fit Jeans,Sizes: 34,https://www.myntra.comjeans/roadster/the-roadster-lifestyle-co-men-slim-fit-jeans/25816786/buy
WROGN,1179,1999,Men Skinny Fit Mid Rise Jeans,Sizes: 30,https://www.myntra.comjeans/wrogn/wrogn-men-skinny-fit-mid-rise-light-fade-stretchable-jeans/25827524/buy
Pepe Jeans,845,1799,Boys Slim Fit Jeans,Sizes: 8-9Y,https://www.myntra.comjeans/pepe+jeans/pepe-jeans-boys-slim-fit-light-fade-stretchable-jeans/28157094/buy
H&M,1499,N/A,Women Straight High Jeans,Sizes: 27,https://www.myntra.comjeans/h%26m/hm-women-straight-high-jeans/26277466/buy
DOLCE CRUDO,983,2399,Women Skinny Fit Jeans,Sizes: 34,https://www.myntra.comjeans/dolce+crudo/dolce-crudo-women-black-skinny-fit-high-rise-stretchable-jeans/26104822/buy
Levis,1819,3499,Men Slim Fit Jeans,Sizes: 28,https://www.myntra.comjeans/levis/levis-men-slim-fit-light-fade-stretchable-jeans/31573946/buy
Here&Now X Denikid,441,1699,Boys Pure Cotton Jeans,Sizes: 0-6M,https://www.myntra.comjeans/here%26now+x+denikid/herenow-x-denikid-boys-pure-cotton-light-fade-embroidered-jeans/30114290/buy
PARIS HAMILTON,739,1999,Men Straight Stretchable Jeans,Sizes: 36,https://www.myntra.comjeans/paris+hamilton/paris-hamilton-men-black-solid-straight-fit-stretchable-jeans/20675300/buy
Levis,1563,3399,Men 512 Slim Fit Jeans,Sizes: 42,https://www.myntra.comjeans/levis/levis-men-512-slim-fit-light-fade-stretchable-jeans/25756708/buy
Roadster,659,999,Men Slim Fit Jeans,Sizes: 34,https://www.myntra.comjeans/roadster/the-roadster-life-co-men-slim-fit-stretchable-jeans/22578398/buy
Allen Solly Junior,991,1599,Boys Slim Fit Jeans,Sizes: 15-16Y,https://www.myntra.comjeans/allen+solly+junior/allen-solly-junior-boys-slim-fit-light-fade-stretchable-jeans/33102195/buy
Levis,1379,2999,Men 511 Slim Fit Jeans,Sizes: 36,https://www.myntra.comjeans/levis/levis-men-511-slim-fit-heavy-fade-stretchable-jeans/25756808/buy
Aadvi Fashion,779,3899,Women Wide Leg High-Rise Jeans,Sizes: 30,https://www.myntra.comjeans/aadvi+fashion/aadvi-fashion-baggy-women-smart-wide-leg-high-rise-highly-distressed-stretchable-jeans/33465088/buy
Bene Kleed,923,2799,Men Relaxed Fit Jeans,Sizes: 30,https://www.myntra.comjeans/bene+kleed/bene-kleed-men-cotton-relaxed-fit-tinted-light-fade-jeans/31943908/buy
Jack & Jones,3499,4999,Men Wide Leg High-Rise Jeans,Sizes: 30,https://www.myntra.comjeans/jack+%26+jones/jack--jones-men-wide-leg-high-rise-mildly-distressed-light-fade-stretchable-jeans/32680690/buy
glitchez,681,2199,MenLoose Bootcut Jeans,Sizes: 28,https://www.myntra.comjeans/glitchez/glitchez-men-retro-revival-loose-bootcut-heavy-fade-jeans/31366117/buy
Mast & Harbour,827,2299,Men Slim Tapered Fit Jeans,Sizes: 28,https://www.myntra.comjeans/mast+%26+harbour/mast--harbour-men-slim-tapered-fit-heavy-fade-stretchable-jeans/16882838/buy
Jack & Jones,8399,11999,Relaxed Fit Cotton Jeans,Sizes: 34/32,https://www.myntra.comjeans/jack+%26+jones/jack--jones-men-relaxed-fit-mid-rise-light-fade-cotton-jeans/32665169/buy
Mast & Harbour,849,2499,Men Relaxed Fit Jeans,Sizes: 30,https://www.myntra.comjeans/mast+%26+harbour/mast--harbour-men-relaxed-fit-jeans/30010494/buy
Chemistry,587,2799,Women Wide Leg Jeans,Sizes: 28,https://www.myntra.comjeans/chemistry/chemistry-women-wide-leg-stretchable-jeans/30847646/buy
Pepe Jeans,2699,5999,Men Slim Fit Stretchable Jeans,Sizes: 30,https://www.myntra.comjeans/pepe+jeans/pepe-jeans-men-slim-fit-mildly-distressed-light-fade-whiskers-stretchable-jeans/27281702/buy
glitchez,560,1699,Women Slim Fit Mid-Rise Jeans,Sizes: 30,https://www.myntra.comjeans/glitchez/glitchez-women-stretchable-slim-fit-light-fade-jeans/32352766/buy
The Indian Garage Co,712,2299,Men Slim Fit Jeans,Sizes: 32,https://www.myntra.comjeans/the+indian+garage+co/the-indian-garage-co-men-slim-fit-stretchable-jeans/20914488/buy
Levis,2235,4299,Men 511 Slim Fit Jeans,Sizes: 40,https://www.myntra.comjeans/levis/levis-men-511-slim-fit-heavy-fade-stretchable-jeans/30189238/buy
Roadster,721,1899,Women Wide Leg Jeans,Sizes: 26,https://www.myntra.comjeans/roadster/the-roadster-life-co-women-wide-leg-light-fade-stretchable-jeans/26697852/buy
WROGN,1374,2499,Men Slim Fit Jeans,Sizes: 28,https://www.myntra.comjeans/wrogn/wrogn-men-slim-fit-light-fade-stretchable-jeans/25827290/buy
Jack & Jones,4199,5999,Men Wide Leg Low-Rise Jeans,Sizes: 30,https://www.myntra.comjeans/jack+%26+jones/jack--jones-men-low-rise-straight-fit-light-fade-stretchable-jeans/32680028/buy
glitchez,515,1199,Women Faded Straight Jeans,Sizes: 32,https://www.myntra.comjeans/glitchez/glitchez-women-dark-grunge-faded-straight-to-style-jeans/31520748/buy
glitchez,719,1999,Women Wide Leg  Jeans,Sizes: 30,https://www.myntra.comjeans/glitchez/glitchez-women-classic-cuts-wide-leg-slit-jeans/31362844/buy
Mast & Harbour,999,3399,Men Relaxed Fit Jeans,Sizes: 34,https://www.myntra.comjeans/mast+%26+harbour/mast--harbour-men-comfort-relaxed-fit-jeans/31012126/buy
IVOC,1311,3199,Regular Fit Cargo Style Jeans,Sizes: 28,https://www.myntra.comjeans/ivoc/ivoc-women-regular-fit-cargo-trouser/23898182/buy
Pepe Jeans,3449,4599,Stretchable Skinny Fit Jeans,Sizes: 30,https://www.myntra.comjeans/pepe+jeans/pepe-jeans-men-heavy-fade-stretchable-skinny-fit-jeans/32598122/buy
WROGN,1121,2199,Men Slim Fit Mid-Rise Jeans,Sizes: 28,https://www.myntra.comjeans/wrogn/wrogn-men-slim-fit-mid-rise-light-fade-clean-look-stretchable-jeans/26898536/buy
Bene Kleed,999,2299,Men Bootcut Jeans,Sizes: 34,https://www.myntra.comjeans/bene+kleed/bene-kleed-men-mid-rise-bootcut-jeans/23934086/buy
AD By Arvind,1499,2499,Men Mid Rise Jeans,Sizes: 36,https://www.myntra.comjeans/ad+by+arvind/ad-by-arvind-men-relaxed-tapered-fit-mid-rise-jeans/32466339/buy
The Indian Garage Co,759,2449,Men Bootcut Jeans,Sizes: 32,https://www.myntra.comjeans/the+indian+garage+co/the-indian-garage-co-men-bootcut-stretchable-jeans/20449472/buy
H&M,1299,N/A,Women Flared Low Jeans,Sizes: 29,https://www.myntra.comjeans/h%26m/hm-women-flared-low-jeans/30155130/buy
Pepe Jeans,3999,N/A,Men Slim Fit Jeans,Sizes: 32,https://www.myntra.comjeans/pepe+jeans/pepe-jeans-men-vapour-slim-fit-light-fade-stretchable-jeans/33229461/buy
H&M,799,N/A,Skinny Fit Jeans,Sizes: 6M,https://www.myntra.comjeans/h%26m/hm-skinny-fit-jeans/32494855/buy
StyleCast,1351,2599,Women Straight Fit  Jeans,Sizes: 28,https://www.myntra.comjeans/stylecast/stylecast-women-straight-fit-high-rise-cotton-with-side-stripe-jeans/30718898/buy
Levis,2111,3299,Men Slim Tapered Fit Jeans,Sizes: 38,https://www.myntra.comjeans/levis/levis-men-slim-tapered-fit-light-fade-stretchable-jeans/31579386/buy
VBEAUTI,730,2999,Women Boyfriend Fit High-Rise Jeans,Sizes: 30,https://www.myntra.comjeans/vbeauti/vbeauti-women-jean-boyfriend-fit-high-rise-stretchable-jeans/33123568/buy
Roadster,659,2199,Women Straight Fit Jeans,Sizes: 28,https://www.myntra.comjeans/roadster/the-roadster-life-co-women-straight-fit-light-fade-stretchable-jeans/24989140/buy
Levis,1471,3199,Men 512 Slim Fit Jeans,Sizes: 32,https://www.myntra.comjeans/levis/levis-men-512-slim-fit-light-fade-stretchable-jeans/25756736/buy
Aadvi Fashion,719,2999,Women Baggy Stretchable Jeans,Sizes: 26,https://www.myntra.comjeans/aadvi+fashion/aadvi-fashion-women-jean-baggy-high-rise-clean-look-stretchable-jeans/33301671/buy
glitchez,747,2199,Men Baggy Loose Jeans,Sizes: 30,https://www.myntra.comjeans/glitchez/glitchez-men-timeless-cool-baggy-loose-jeans/31596646/buy
Levis,1379,2999,Men 512 Slim Fit Jeans,Sizes: 40,https://www.myntra.comjeans/levis/levis-men-512-slim-fit-light-fade-stretchable-jeans/25756698/buy
glitchez,601,1399,Women Skinny Flared Jeans,Sizes: 28,https://www.myntra.comjeans/glitchez/glitchez-women-urban-chic-skinny-flared-high-rise-stretchable-jeans/31178419/buy
COSMIC TRIO,854,1899,Women Bootcut Jeans,Sizes: 34,https://www.myntra.comjeans/cosmic+trio/cosmic-trio-women-bootcut-light-fade-stretchable-jeans/31174256/buy
Stylecast X Kotty,524,2499,Women Straight Fit Jeans,Sizes: 30,https://www.myntra.comjeans/stylecast+x+kotty/stylecast-x-kotty-women-jean-straight-fit-high-rise-stretchable-jeans/31359183/buy
Chemistry,639,1999,Women Skinny Fit Jeans,Sizes: 34,https://www.myntra.comjeans/chemistry/chemistry-women-skinny-fit-light-fade-stretchable-jeans/20220124/buy
Roadster,1199,3399,Men Relaxed Fit Jeans,Sizes: 38,https://www.myntra.comjeans/roadster/the-roadster-lifestyle-co-men-pure-cotton-relaxed-fit-jeans/30490458/buy
Pepe Jeans,845,1799,Boys Slim Fit Jeans,Sizes: 8-9Y,https://www.myntra.comjeans/pepe+jeans/pepe-jeans-boys-slim-fit-light-fade-stretchable-jeans/28157094/buy
FASHIONFIBRE,827,2299,Women StraightFit Cotton Jeans,Sizes: 36,https://www.myntra.comjeans/fashionfibre/fashionfibre-women-straight-fit-high-rise-cotton-jeans/29792378/buy
M&H Our Water,857,2199,Men Carrot Fit Jeans,Sizes: 30,https://www.myntra.comjeans/m%26h+our+water/mh-our-water-men-carrot-fit-light-fade-stretchable-sustainable-jeans/21425506/buy
Levis,1819,3499,Men Slim Fit Jeans,Sizes: 28,https://www.myntra.comjeans/levis/levis-men-slim-fit-light-fade-stretchable-jeans/31573946/buy
VBEAUTI,730,2999,Women High-Rise Jeans,Sizes: 26,https://www.myntra.comjeans/vbeauti/vbeauti-women-comfort-high-rise-stretchable-jeans/32493870/buy
Levis,1563,3399,Men 512 Slim Fit Jeans,Sizes: 42,https://www.myntra.comjeans/levis/levis-men-512-slim-fit-light-fade-stretchable-jeans/25756708/buy
Noh.Voh - SASSAFRAS Kids,839,2099,Girls Bootcut High-Rise Jeans,Sizes: 12-13Y,https://www.myntra.comjeans/noh.voh+-+sassafras+kids/noh-voh---sassafras-kids-girls-navy-blue-bootcut-high-rise-light-fade-jeans/18390952/buy
Kotty,624,2499,Women Straight Fit High-Rise Jeans,Sizes: 32,https://www.myntra.comjeans/kotty/kotty-women-jean-straight-fit-high-rise-stretchable-jeans/31255351/buy
Levis,1379,2999,Men 511 Slim Fit Jeans,Sizes: 36,https://www.myntra.comjeans/levis/levis-men-511-slim-fit-heavy-fade-stretchable-jeans/25756808/buy
Allen Solly Junior,1002,1699,Boys Slim Fit Jeans,Sizes: 2-3Y,https://www.myntra.comjeans/allen+solly+junior/allen-solly-junior-boys-slim-fit-low-distress-light-fade-stretchable-jeans/33102187/buy
glitchez,619,1999,Baggy High Rise Jeans,Sizes: 36,https://www.myntra.comjeans/glitchez/glitchez-90s-revival-pallazzo-fit-baggy-high-rise-jeans/31362865/buy
Jack & Jones,3499,4999,Men Wide Leg High-Rise Jeans,Sizes: 30,https://www.myntra.comjeans/jack+%26+jones/jack--jones-men-wide-leg-high-rise-mildly-distressed-light-fade-stretchable-jeans/32680690/buy
Sztori,728,2699,Plus Size Stretchable Jeans,Sizes: 40,https://www.myntra.comjeans/sztori/sztori-plus-size-men-black-slim-tapered-fit-light-fade-stretchable-jeans/16825090/buy
Roadster,721,1899,Women Wide Leg Jeans,Sizes: 30,https://www.myntra.comjeans/roadster/the-roadster-life-co-women-wide-leg-light-fade-stretchable-jeans/26697906/buy
Jack & Jones,8399,11999,Relaxed Fit Cotton Jeans,Sizes: 34/32,https://www.myntra.comjeans/jack+%26+jones/jack--jones-men-relaxed-fit-mid-rise-light-fade-cotton-jeans/32665169/buy
Roadster,747,1699,Men Regular Fit Jeans,Sizes: 34,https://www.myntra.comjeans/roadster/the-roadster-life-co-men-regular-fit-jeans/32591818/buy
Pantaloons Junior,719,899,Boys Jeans,Sizes: 5-6Y,https://www.myntra.comjeans/pantaloons+junior/pantaloons-junior-boys-clean-look-jeans/31608858/buy
Pepe Jeans,2699,5999,Men Slim Fit Stretchable Jeans,Sizes: 30,https://www.myntra.comjeans/pepe+jeans/pepe-jeans-men-slim-fit-mildly-distressed-light-fade-whiskers-stretchable-jeans/27281702/buy
United Colors of Benetton,924,2499,Boys Pure Cotton Striped Jeans,Sizes: 2Y,https://www.myntra.comjeans/united+colors+of+benetton/united-colors-of-benetton-boys-pure-cotton-striped-light-fade-jeans/32634676/buy
HERE&NOW,799,2299,Men Mid-Rise Joggers,Sizes: 28,https://www.myntra.comjeans/here%26now/herenow-men-smart-mid-rise-dark-shade-clean-look-stretchable-joggers/26908870/buy
Levis,2235,4299,Men 511 Slim Fit Jeans,Sizes: 40,https://www.myntra.comjeans/levis/levis-men-511-slim-fit-heavy-fade-stretchable-jeans/30189238/buy
U.S. Polo Assn. Denim Co.,1214,2699,Men Slim Straight Fit Jeans,Sizes: 32,https://www.myntra.comjeans/u.s.+polo+assn.+denim+co./us-polo-assn-denim-co-men-harold-slim-straight-fit-light-fade-stretchable-jeans/30425169/buy
glitchez,594,1699,Women LightFade Straight Jeans,Sizes: 36,https://www.myntra.comjeans/glitchez/glitchez-women-all-day-comfort-light-fade-cropped-straight-fit-jeans/32323230/buy
Jack & Jones,4199,5999,Men Wide Leg Low-Rise Jeans,Sizes: 30,https://www.myntra.comjeans/jack+%26+jones/jack--jones-men-low-rise-straight-fit-light-fade-stretchable-jeans/32680028/buy
Mast & Harbour,1333,2899,Men Light Fade Jeans,Sizes: 30,https://www.myntra.comjeans/mast+%26+harbour/mast--harbour-men-light-fade-cotton-jeans/32769307/buy
glitchez,515,1199,Women Faded Straight Jeans,Sizes: 32,https://www.myntra.comjeans/glitchez/glitchez-women-dark-grunge-faded-straight-to-style-jeans/31520748/buy
glitchez,719,1999,Women Wide Leg  Jeans,Sizes: 30,https://www.myntra.comjeans/glitchez/glitchez-women-classic-cuts-wide-leg-slit-jeans/31362844/buy
H&M,1499,N/A,Flared High Jeans,Sizes: 26,https://www.myntra.comjeans/h%26m/hm-flared-high-jeans/33638135/buy
Flying Machine,1199,2499,Men Tapered Fit Jeans,Sizes: 30,https://www.myntra.comjeans/flying+machine/flying-machine-men-tapered-fit-light-fade-stretchable-jeans/32074578/buy
Pepe Jeans,3449,4599,Stretchable Skinny Fit Jeans,Sizes: 30,https://www.myntra.comjeans/pepe+jeans/pepe-jeans-men-heavy-fade-stretchable-skinny-fit-jeans/32598122/buy
max,599,N/A,Girls Stretchable Jeans,Sizes: 3-4Y,https://www.myntra.comjeans/max/max-girls-mid-rise-clean-look-stretchable-jeans/27386038/buy
glitchez,655,1599,Men Regular Fit Jeans,Sizes: 36,https://www.myntra.comjeans/glitchez/glitchez-men-timeless-classic-regular-fit-light-fade-jeans/32033067/buy
AD By Arvind,1499,2499,Men Mid Rise Jeans,Sizes: 36,https://www.myntra.comjeans/ad+by+arvind/ad-by-arvind-men-relaxed-tapered-fit-mid-rise-jeans/32466339/buy
max,559,699,Boys Stretchable Jeans,Sizes: 15-16Y,https://www.myntra.comjeans/max/max-boys-mid-rise-light-fade-clean-look-stretchable-jeans/28656112/buy
Moda Rapido,1289,2999,Smart Stretchable Jeans,Sizes: 30,https://www.myntra.comjeans/moda+rapido/moda-rapido-men-smart-stretchable-jeans/24230604/buy
Pepe Jeans,3999,N/A,Men Slim Fit Jeans,Sizes: 32,https://www.myntra.comjeans/pepe+jeans/pepe-jeans-men-vapour-slim-fit-light-fade-stretchable-jeans/33229461/buy
Roadster,759,1899,Men Cotton Jeans,Sizes: 30,https://www.myntra.comjeans/roadster/the-roadster-life-co-men-pure-cotton-jeans/32530668/buy
glitchez,703,1599,Women Baggy Wide Leg Jeans,Sizes: 34,https://www.myntra.comjeans/glitchez/glitchez-women-street-sassy-baggy-wide-leg-high-rise-light-fade-jeans/31178407/buy
Levis,2111,3299,Men Slim Tapered Fit Jeans,Sizes: 38,https://www.myntra.comjeans/levis/levis-men-slim-tapered-fit-light-fade-stretchable-jeans/31579386/buy
Roadster,949,2999,Men Relaxed-Fit Casual Jeans,Sizes: 38,https://www.myntra.comjeans/roadster/the-roadster-lifestyle-co-men-blue-relaxed-fit-mid-rise-light-fade-original-jeans/29808162/buy
HERE&NOW,704,1499,Men Jeans,Sizes: 32,https://www.myntra.comjeans/here%26now/herenow-men-stretchable-jeans/31986608/buy
Levis,1471,3199,Men 512 Slim Fit Jeans,Sizes: 32,https://www.myntra.comjeans/levis/levis-men-512-slim-fit-light-fade-stretchable-jeans/25756736/buy
Mast & Harbour,778,1899,Men Slim Fit Jeans,Sizes: 28,https://www.myntra.comjeans/mast+%26+harbour/mast--harbour-men-slim-fit-cut--sew-panel-jeans/31387110/buy
WROGN,1039,2599,Slim Fit Mid-Rise Jeans,Sizes: 30,https://www.myntra.comjeans/wrogn/wrogn-men-comfort-slim-fit-mid-rise-jeans/31551689/buy
Levis,1379,2999,Men 512 Slim Fit Jeans,Sizes: 40,https://www.myntra.comjeans/levis/levis-men-512-slim-fit-light-fade-stretchable-jeans/25756698/buy
WROGN,1325,2599,Men Slim Fit Jeans,Sizes: 30,https://www.myntra.comjeans/wrogn/wrogn-men-black-slim-fit-mid-rise-clean-look-stretchable-jeans/10187447/buy
glitchez,615,2199,Women Slouchy Heavy Fade Jeans,Sizes: 28,https://www.myntra.comjeans/glitchez/glitchez-women-bow-detail-slouchy-heavy-fade-jeans/33101841/buy
Stylecast X Kotty,524,2499,Women Straight Fit Jeans,Sizes: 30,https://www.myntra.comjeans/stylecast+x+kotty/stylecast-x-kotty-women-jean-straight-fit-high-rise-stretchable-jeans/31359183/buy
Kotty,699,2499,Women Wide Leg High-Rise Jeans,Sizes: 26,https://www.myntra.comjeans/kotty/kotty-women-jean-wide-leg-high-rise-stretchable-jeans/30975149/buy
WROGN,1297,2199,Men Slim Fit Jeans,Sizes: 32,https://www.myntra.comjeans/wrogn/wrogn-men-mid-rise-slim-fit-stretchable-jeans/21979124/buy
Pepe Jeans,845,1799,Boys Slim Fit Jeans,Sizes: 8-9Y,https://www.myntra.comjeans/pepe+jeans/pepe-jeans-boys-slim-fit-light-fade-stretchable-jeans/28157094/buy
Flying Machine,1199,2499,Skinny Fit Cotton Jeans,Sizes: 36,https://www.myntra.comjeans/flying+machine/flying-machine-skinny-fit-cotton-cropped-jeans/25126324/buy
Roadster,883,2599,Men Bootcut Jeans,Sizes: 36,https://www.myntra.comjeans/roadster/the-roadster-life-co-men-bootcut-low-distressed-light-fade-stretchable-jeans/25816372/buy
Levis,1819,3499,Men Slim Fit Jeans,Sizes: 28,https://www.myntra.comjeans/levis/levis-men-slim-fit-light-fade-stretchable-jeans/31573946/buy
Pantaloons Junior,719,899,Heavy Fade Regular Fit Jeans,Sizes: 7-8Y,https://www.myntra.comjeans/pantaloons+junior/pantaloons-junior-boys-heavy-fade-regular-fit-jeans/30886257/buy
glitchez,719,1999,Women Wide Leg Jeans,Sizes: 34,https://www.myntra.comjeans/glitchez/glitchez-women-panelled-super-wide-leg-jeans/31628540/buy
Levis,1563,3399,Men 512 Slim Fit Jeans,Sizes: 42,https://www.myntra.comjeans/levis/levis-men-512-slim-fit-light-fade-stretchable-jeans/25756708/buy
High Star,734,2099,Men Bootcut Jeans,Sizes: 30,https://www.myntra.comjeans/high+star/high-star-men-blue-bootcut-jeans/19821534/buy
RIVI,898,2899,Straight Fit High-Rise Jeans,Sizes: 34,https://www.myntra.comjeans/rivi/rivi-women-jean-straight-fit-high-rise-stretchable-jeans/32355035/buy
Levis,1379,2999,Men 511 Slim Fit Jeans,Sizes: 36,https://www.myntra.comjeans/levis/levis-men-511-slim-fit-heavy-fade-stretchable-jeans/25756808/buy
The Indian Garage Co,727,2599,Men Cargo Style Joggers,Sizes: 34,https://www.myntra.comjeans/the+indian+garage+co/the-indian-garage-co-men-light-fade-stretchable-cargo-style-joggers/32857552/buy
Roadster,805,2599,Men Straight Pure Cotton Jeans,Sizes: 30,https://www.myntra.comjeans/roadster/the-roadster-life-co-men-straight-fit-pure-cotton-jeans/31174884/buy
Jack & Jones,3499,4999,Men Wide Leg High-Rise Jeans,Sizes: 30,https://www.myntra.comjeans/jack+%26+jones/jack--jones-men-wide-leg-high-rise-mildly-distressed-light-fade-stretchable-jeans/32680690/buy
Nauti Nati,549,1499,Boys Cargo Jeans,Sizes: 3Y,https://www.myntra.comjeans/nauti+nati/nauti-nati-boys-jean-light-fade-stretchable-cargo-jeans/33398931/buy
Urbano Juniors,699,1399,Boys Solid Slim Fit Jeans,Sizes: 13-14Y,https://www.myntra.comjeans/urbano+juniors/urbano-juniors-boys-blue-solid-slim-fit-stretchable-jeans/20634630/buy
Jack & Jones,8399,11999,Relaxed Fit Cotton Jeans,Sizes: 34/32,https://www.myntra.comjeans/jack+%26+jones/jack--jones-men-relaxed-fit-mid-rise-light-fade-cotton-jeans/32665169/buy
Roadster,929,2999,Men Relaxed Fit Jeans,Sizes: 36,https://www.myntra.comjeans/roadster/the-roadster-lifestyle-co-men-relaxed-fit-jeans/31174954/buy
DOLCE CRUDO,1233,3245,Women Wide Leg High-Rise Jeans,Sizes: 34,https://www.myntra.comjeans/dolce+crudo/dolce-crudo-women-wide-leg-high-rise-clean-look-stretchable-jeans/29384850/buy
Pepe Jeans,2699,5999,Men Slim Fit Stretchable Jeans,Sizes: 30,https://www.myntra.comjeans/pepe+jeans/pepe-jeans-men-slim-fit-mildly-distressed-light-fade-whiskers-stretchable-jeans/27281702/buy
SPYKAR,967,2199,Women Skinny Fit Jeans,Sizes: 32,https://www.myntra.comjeans/spykar/spykar-women-skinny-fit-high-rise-stretchable-jeans/29882240/buy
Levis,2235,4299,Men 511 Slim Fit Jeans,Sizes: 40,https://www.myntra.comjeans/levis/levis-men-511-slim-fit-heavy-fade-stretchable-jeans/30189238/buy
Roadster,799,1999,Men Slim Fit Jeans,Sizes: 28,https://www.myntra.comjeans/roadster/the-roadster-life-co-men-slim-fit-stretchable-jeans/26040010/buy
HERE&NOW,985,3399,Men Pure Cotton Cargo Jeans,Sizes: 32,https://www.myntra.comjeans/here%26now/herenow-men-loose-relaxed-fit-pure-cotton-cargo-jeans/28600876/buy
Jack & Jones,4199,5999,Men Wide Leg Low-Rise Jeans,Sizes: 30,https://www.myntra.comjeans/jack+%26+jones/jack--jones-men-low-rise-straight-fit-light-fade-stretchable-jeans/32680028/buy
Flying Machine,1324,2499,Pure Cotton Stretchable Jeans,Sizes: 30,https://www.myntra.comjeans/flying+machine/flying-machine-men-light-fade-pure-cotton-stretchable-jeans/32694104/buy
glitchez,515,1199,Women Faded Straight Jeans,Sizes: 32,https://www.myntra.comjeans/glitchez/glitchez-women-dark-grunge-faded-straight-to-style-jeans/31520748/buy
glitchez,719,1999,Women Wide Leg  Jeans,Sizes: 30,https://www.myntra.comjeans/glitchez/glitchez-women-classic-cuts-wide-leg-slit-jeans/31362844/buy
glitchez,559,1999,Men Baggy Faded Jeans,Sizes: 34,https://www.myntra.comjeans/glitchez/glitchez-men-baggy-panel-drip-faded-jeans/32323292/buy
DressBerry,965,4199,Women Slim Fit High-Rise Jeans,Sizes: 26,https://www.myntra.comjeans/dressberry/dressberry-women-slim-fit-high-rise-light-fade-stretchable-jeans/31949038/buy
Pepe Jeans,3449,4599,Stretchable Skinny Fit Jeans,Sizes: 30,https://www.myntra.comjeans/pepe+jeans/pepe-jeans-men-heavy-fade-stretchable-skinny-fit-jeans/32598122/buy
DOLCE CRUDO,1395,3245,Women Wide Leg High Rise Jeans,Sizes: 32,https://www.myntra.comjeans/dolce+crudo/dolce-crudo--women-wide-leg-high-rise-clean-look-regular-length-stretchable-denim-jeans/29840910/buy
ADBUCKS,988,1499,Straight Fit High-Rise Jeans,Sizes: 38,https://www.myntra.comjeans/adbucks/adbucks-straight-fit-high-rise-stretchable-jeans/21959100/buy
AD By Arvind,1499,2499,Men Mid Rise Jeans,Sizes: 36,https://www.myntra.comjeans/ad+by+arvind/ad-by-arvind-men-relaxed-tapered-fit-mid-rise-jeans/32466339/buy
Levis,1599,3199,Men 512 Slim Tapered Fit Jeans,Sizes: 34,https://www.myntra.comjeans/levis/levis-men-512-slim-tapered-fit-heavy-fade-stretchable-jeans/31394948/buy
DressBerry Curve,767,3199,Women Plus Size Jeans,Sizes: 42,https://www.myntra.comjeans/dressberry+curve/dressberry-curve-women-plus-size-light-fade-slouchy-fit-stretchable-jeans/30659814/buy
Pepe Jeans,3999,N/A,Men Slim Fit Jeans,Sizes: 32,https://www.myntra.comjeans/pepe+jeans/pepe-jeans-men-vapour-slim-fit-light-fade-stretchable-jeans/33229461/buy
Thomas Scott,824,3299,Men Clean Look Jeans,Sizes: 30,https://www.myntra.comjeans/thomas+scott/thomas-scott-men-smart-stretchable-jeans/29686548/buy
WROGN,1415,2399,Men Slim Fit Jeans,Sizes: 36,https://www.myntra.comjeans/wrogn/wrogn-men-slim-fit-heavy-fade-stretchable-jeans/25827412/buy
Levis,2111,3299,Men Slim Tapered Fit Jeans,Sizes: 38,https://www.myntra.comjeans/levis/levis-men-slim-tapered-fit-light-fade-stretchable-jeans/31579386/buy
HERE&NOW,699,2199,Flared Jeans,Sizes: 8-9Y,https://www.myntra.comjeans/here%26now/herenow-girls-flared-heavy-fade-ombre-stretchable-jeans/30740868/buy
HERE&NOW,689,1499,Men Stretchable Jeans,Sizes: 28,https://www.myntra.comjeans/here%26now/herenow-men-stretchable-jeans/31986613/buy
Levis,1471,3199,Men 512 Slim Fit Jeans,Sizes: 32,https://www.myntra.comjeans/levis/levis-men-512-slim-fit-light-fade-stretchable-jeans/25756736/buy
Roadster,740,1899,Men Jeans,Sizes: 36,https://www.myntra.comjeans/roadster/roadster-men-blue-carrot-light-fade-stretchable-jeans/14638100/buy
glitchez,579,1999,Men Cotton Baggy Fit Jeans,Sizes: 28,https://www.myntra.comjeans/glitchez/glitchez-men-classic-denims-mid-rise-pure-cotton-baggy-fit-jeans-with-front-seams/32322539/buy
Levis,1379,2999,Men 512 Slim Fit Jeans,Sizes: 40,https://www.myntra.comjeans/levis/levis-men-512-slim-fit-light-fade-stretchable-jeans/25756698/buy
Mast & Harbour,755,2099,Men Carrot Fit Jeans,Sizes: 28,https://www.myntra.comjeans/mast+%26+harbour/mast--harbour-men-carrot-fit-stretchable-jeans/20604314/buy
Roadster,874,2499,Men Straight Fit Jeans,Sizes: 32,https://www.myntra.comjeans/roadster/roadster-men-straight-fit-light-fade-stretchable-jeans/25004976/buy
Stylecast X Kotty,524,2499,Women Straight Fit Jeans,Sizes: 30,https://www.myntra.comjeans/stylecast+x+kotty/stylecast-x-kotty-women-jean-straight-fit-high-rise-stretchable-jeans/31359183/buy
Sztori,951,2799,Plus Size Tapered Fit Jeans,Sizes: 46,https://www.myntra.comjeans/sztori/sztori-men-plus-size-slim-tapered-fit-stretchable-jeans/21128436/buy
Nauti Nati,549,1499,Boys  Cargo Jeans,Sizes: 5Y,https://www.myntra.comjeans/nauti+nati/nauti-nati-boys-jean-light-fade-stretchable-cargo-jeans/33398932/buy
Pepe Jeans,845,1799,Boys Slim Fit Jeans,Sizes: 8-9Y,https://www.myntra.comjeans/pepe+jeans/pepe-jeans-boys-slim-fit-light-fade-stretchable-jeans/28157094/buy
The Indian Garage Co,779,1999,Men Slim Fit Jeans,Sizes: 36,https://www.myntra.comjeans/the+indian+garage+co/the-indian-garage-co-men-blue-slim-fit-light-fade-stretchable-jeans/15313784/buy
Urbano Fashion,559,1399,Men Slim Fit Clean Look Jeans,Sizes: 32,https://www.myntra.comjeans/urbano+fashion/urbano-fashion-men-slim-fit-clean-look-stretchable-jeans/23748858/buy
Levis,1819,3499,Men Slim Fit Jeans,Sizes: 28,https://www.myntra.comjeans/levis/levis-men-slim-fit-light-fade-stretchable-jeans/31573946/buy
A-Okay,637,2275,Boys Slim Fit High-Rise Jeans,Sizes: 5-6Y,https://www.myntra.comjeans/a-okay/a-okay-boys-slim-fit-high-rise-clean-look-acid-wash-stretchable-jeans/27341022/buy
StyleCast,1280,3049,Straight Fit High-Rise Jeans,Sizes: 25,https://www.myntra.comjeans/stylecast/stylecast-women-straight-fit-high-rise-highly-distressed-light-fade-jeans/30698508/buy
Levis,1563,3399,Men 512 Slim Fit Jeans,Sizes: 42,https://www.myntra.comjeans/levis/levis-men-512-slim-fit-light-fade-stretchable-jeans/25756708/buy
WROGN,1376,2699,Men Slim Fit Jeans,Sizes: 32,https://www.myntra.comjeans/wrogn/wrogn-men-grey-slim-fit-mid-rise-clean-look-stretchable-jeans/11359096/buy
Urbano Fashion,887,2399,Men Relaxed Fit Cotton Jeans,Sizes: 36,https://www.myntra.comjeans/urbano+fashion/urbano-fashion-mens-loose-baggy-fit-non-stretchable-washed-jeans-/30026556/buy
Levis,1379,2999,Men 511 Slim Fit Jeans,Sizes: 36,https://www.myntra.comjeans/levis/levis-men-511-slim-fit-heavy-fade-stretchable-jeans/25756808/buy
Snitch,1799,N/A,Men Relaxed Fit Cotton Jeans,Sizes: 34,https://www.myntra.comjeans/snitch/snitch-men-olive-green-jean-relaxed-fit-low-distress-stretchable-cotton-jeans/29840311/buy
max,399,N/A,Boys Pure Cotton Jeans,Sizes: 6-12M,https://www.myntra.comjeans/max/max-boys-mid-rise-clean-look-pure-cotton-jeans/25651250/buy
Jack & Jones,3499,4999,Men Wide Leg High-Rise Jeans,Sizes: 30,https://www.myntra.comjeans/jack+%26+jones/jack--jones-men-wide-leg-high-rise-mildly-distressed-light-fade-stretchable-jeans/32680690/buy
Roadster,883,2599,Women Bootcut High-Rise Jeans,Sizes: 28,https://www.myntra.comjeans/roadster/roadster-women-blue-bootcut-high-rise-light-fade-stretchable-jeans/15773396/buy
Bene Kleed,804,2299,Men Bootcut Jeans,Sizes: 28,https://www.myntra.comjeans/bene+kleed/bene-kleed-men-mid-rise-bootcut-jeans/23934084/buy
Jack & Jones,8399,11999,Relaxed Fit Cotton Jeans,Sizes: 34/32,https://www.myntra.comjeans/jack+%26+jones/jack--jones-men-relaxed-fit-mid-rise-light-fade-cotton-jeans/32665169/buy
Allen Solly,1351,2599,Men Skinny Fit Jeans,Sizes: 34,https://www.myntra.comjeans/allen+solly/allen-solly-men-skinny-fit-light-fade-stretchable-jeans/33078905/buy
glitchez,637,2199,Men Loose Bootcut Jeans,Sizes: 36,https://www.myntra.comjeans/glitchez/glitchez-men-90s-revival-loose-bootcut-light-fade-jeans/31366087/buy
Pepe Jeans,2699,5999,Men Slim Fit Stretchable Jeans,Sizes: 30,https://www.myntra.comjeans/pepe+jeans/pepe-jeans-men-slim-fit-mildly-distressed-light-fade-whiskers-stretchable-jeans/27281702/buy
StyleCast x Revolte,1287,2799,Men Mid-Rise Regular Fit Jeans,Sizes: 40,https://www.myntra.comjeans/stylecast+x+revolte/stylecast-x-revolte-men-mid-rise-regular-fit-light-fade-stretchable-jeans/32434988/buy
glitchez,615,2199,Men Korean Baggy Jeans,Sizes: 30,https://www.myntra.comjeans/glitchez/glitchez-men-street-savvy-korean-baggy-jeans/31366099/buy
Levis,2235,4299,Men 511 Slim Fit Jeans,Sizes: 40,https://www.myntra.comjeans/levis/levis-men-511-slim-fit-heavy-fade-stretchable-jeans/30189238/buy
PARIS HAMILTON,624,2499,Women Boyfriend Fit Jeans,Sizes: 30,https://www.myntra.comjeans/paris+hamilton/paris-hamilton-women-black-boyfriend-fit-high-rise-clean-look-stretchable-jeans/12041056/buy
U.S. Polo Assn. Denim Co.,1499,2499,Men Slim Fit Mid-Rise Jeans,Sizes: 30,https://www.myntra.comjeans/u.s.+polo+assn.+denim+co./us-polo-assn-denim-co-men-slim-fit-light-fade-stretchable-jeans/32659784/buy
Jack & Jones,4199,5999,Men Wide Leg Low-Rise Jeans,Sizes: 30,https://www.myntra.comjeans/jack+%26+jones/jack--jones-men-low-rise-straight-fit-light-fade-stretchable-jeans/32680028/buy
glitchez,515,1199,Women Faded Straight Jeans,Sizes: 32,https://www.myntra.comjeans/glitchez/glitchez-women-dark-grunge-faded-straight-to-style-jeans/31520748/buy
glitchez,719,1999,Women Wide Leg  Jeans,Sizes: 30,https://www.myntra.comjeans/glitchez/glitchez-women-classic-cuts-wide-leg-slit-jeans/31362844/buy
Urbano Juniors,699,1399,Boys Jogger Jeans,Sizes: 7-8Y,https://www.myntra.comjeans/urbano+juniors/urbano-juniors-boys-blue-jogger-mid-rise-clean-look-jeans/14055364/buy
Roadster,829,2999,Mid Rise Cotton Bootcut Jeans,Sizes: 28,https://www.myntra.comjeans/roadster/the-roadster-lifestyle-co-mid-rise-pure-cotton-bootcut-jeans/33008886/buy
Pepe Jeans,3449,4599,Stretchable Skinny Fit Jeans,Sizes: 30,https://www.myntra.comjeans/pepe+jeans/pepe-jeans-men-heavy-fade-stretchable-skinny-fit-jeans/32598122/buy
The Indian Garage Co,619,1999,Men Slim Fit Jeans,Sizes: 30,https://www.myntra.comjeans/the+indian+garage+co/the-indian-garage-co-men-blue-slim-fit-light-fade-stretchable-jeans/17729322/buy
Roadster,665,1799,Men Skinny Fit Jeans,Sizes: 28,https://www.myntra.comjeans/roadster/roadster-men-navy-blue-skinny-fit-mid-rise-clean-look-stretchable-jeans/12358260/buy
AD By Arvind,1499,2499,Men Mid Rise Jeans,Sizes: 36,https://www.myntra.comjeans/ad+by+arvind/ad-by-arvind-men-relaxed-tapered-fit-mid-rise-jeans/32466339/buy
Bene Kleed,979,3499,Men Highly Distressed Jeans,Sizes: 36,https://www.myntra.comjeans/bene+kleed/bene-kleed-men-highly-distressed-heavy-fade-baggy-jeans/30141385/buy
THE BEAR HOUSE,1055,3299,Men Slim Fit Jeans,Sizes: 38,https://www.myntra.comjeans/the+bear+house/the-bear-house-men-slim-fit-stretchable-jeans/31749775/buy
Pepe Jeans,3999,N/A,Men Slim Fit Jeans,Sizes: 32,https://www.myntra.comjeans/pepe+jeans/pepe-jeans-men-vapour-slim-fit-light-fade-stretchable-jeans/33229461/buy
glitchez,591,1599,Men Boyfriend Fit Jeans,Sizes: 30,https://www.myntra.comjeans/glitchez/glitchez-men-urban-heavy-fade-ombre-boyfriend-fit-cargo-jeans/31422947/buy
glitchez,494,1499,Women Wide Leg Pleated Jeans,Sizes: 30,https://www.myntra.comjeans/glitchez/glitchez-women-urban-savvy-wide-leg-pleated-jeans/31939472/buy
Levis,2111,3299,Men Slim Tapered Fit Jeans,Sizes: 38,https://www.myntra.comjeans/levis/levis-men-slim-tapered-fit-light-fade-stretchable-jeans/31579386/buy
all about you,629,2999,Women Bootcut High-Rise Jeans,Sizes: 32,https://www.myntra.comjeans/all+about+you/all-about-you-women-slim-bootcut-high-rise-heavy-fade-stretchable-jeans/29705496/buy
Urbano Fashion,919,2299,Men Baggy Fit Panelled Jeans,Sizes: 28,https://www.myntra.comjeans/urbano+fashion/urbano-fashion-baggy-fit-cut-and-sew-panelled-jeans-/29760732/buy
Levis,1471,3199,Men 512 Slim Fit Jeans,Sizes: 32,https://www.myntra.comjeans/levis/levis-men-512-slim-fit-light-fade-stretchable-jeans/25756736/buy
Roadster,909,2599,Men Straight Fit Jeans,Sizes: 34,https://www.myntra.comjeans/roadster/the-roadster-life-co-men-straight-fit-jeans/31722596/buy
The Indian Garage Co,759,2449,Men Relaxed Fit Jeans,Sizes: 34,https://www.myntra.comjeans/the+indian+garage+co/the-indian-garage-co-men-mid-rise-loose-baggy-fit-stretchable-jeans/28088732/buy
Levis,1379,2999,Men 512 Slim Fit Jeans,Sizes: 40,https://www.myntra.comjeans/levis/levis-men-512-slim-fit-light-fade-stretchable-jeans/25756698/buy
Mast & Harbour,883,2599,Men Slim Tapered Fit Jeans,Sizes: 34,https://www.myntra.comjeans/mast+%26+harbour/mast--harbour-men-slim-tapered-fit-low-distress-light-fade-stretchable-jeans/24796182/buy
WROGN,1019,1999,Men Ankle Slim Fit Jeans,Sizes: 34,https://www.myntra.comjeans/wrogn/wrogn-men-ankle-slim-fit-stretchable--jeans/32642799/buy
Stylecast X Kotty,524,2499,Women Straight Fit Jeans,Sizes: 30,https://www.myntra.comjeans/stylecast+x+kotty/stylecast-x-kotty-women-jean-straight-fit-high-rise-stretchable-jeans/31359183/buy
Roadster,721,1899,Women Wide Leg High-Rise Jeans,Sizes: 30,https://www.myntra.comjeans/roadster/the-roadster-life-co-women-wide-leg-high-rise-light-fade-stretchable-jeans/26697732/buy
WROGN,1325,2599,Men Anti Fit Jeans,Sizes: 30,https://www.myntra.comjeans/wrogn/wrogn-men-anti-fit-heavy-fade-stretchable-jeans/31799815/buy
Pepe Jeans,845,1799,Boys Slim Fit Jeans,Sizes: 8-9Y,https://www.myntra.comjeans/pepe+jeans/pepe-jeans-boys-slim-fit-light-fade-stretchable-jeans/28157094/buy
Levis,1517,3299,Men Slim Fit Low Rise Jeans,Sizes: 32,https://www.myntra.comjeans/levis/levis-511-men-slim-fit-low-rise-heavy-fade-clean-look-stretchable-jeans/26312720/buy
Mast & Harbour,869,2999,Men Bootcut Jeans,Sizes: 34,https://www.myntra.comjeans/mast+%26+harbour/mast--harbour-blue-men-smart-bootcut-clean-look-light-fade-stretchable-jeans/29241092/buy
Levis,1819,3499,Men Slim Fit Jeans,Sizes: 28,https://www.myntra.comjeans/levis/levis-men-slim-fit-light-fade-stretchable-jeans/31573946/buy
The Indian Garage Co,755,2699,Men Pure Cotton Skater Jeans,Sizes: 34,https://www.myntra.comjeans/the+indian+garage+co/the-indian-garage-co-men-pure-cotton-skater-fit-jeans/32857772/buy
Roadster,816,1899,Men Straight Fit Jeans,Sizes: 36,https://www.myntra.comjeans/roadster/the-roadster-life-co-men-mid-rise-light-fade-stretchable-straight-fit-jeans/32026710/buy
Levis,1563,3399,Men 512 Slim Fit Jeans,Sizes: 42,https://www.myntra.comjeans/levis/levis-men-512-slim-fit-light-fade-stretchable-jeans/25756708/buy
max,799,999,Men Stretchable Jeans,Sizes: 32,https://www.myntra.comjeans/max/max-men-regular-fit-mid-rise-stretchable-jeans/25322270/buy
max,599,N/A,Boys Regular Fit Jeans,Sizes: 8-9Y,https://www.myntra.comjeans/max/max-boys-light-fade-regular-fit-jeans/32320231/buy
Levis,1379,2999,Men 511 Slim Fit Jeans,Sizes: 36,https://www.myntra.comjeans/levis/levis-men-511-slim-fit-heavy-fade-stretchable-jeans/25756808/buy
DressBerry Curve,719,2999,Women Plus Size Straight Jeans,Sizes: 36,https://www.myntra.comjeans/dressberry+curve/dressberry-curve-women-plus-size-straight-fit-jeans/30659809/buy
V-Mart,899,999,Men Regular Fit Jeans,Sizes: 36,https://www.myntra.comjeans/v-mart/v-mart-men-regular-fit-light-fade-cargo-styles-jeans/33155974/buy
Jack & Jones,3499,4999,Men Wide Leg High-Rise Jeans,Sizes: 30,https://www.myntra.comjeans/jack+%26+jones/jack--jones-men-wide-leg-high-rise-mildly-distressed-light-fade-stretchable-jeans/32680690/buy
Roadster,623,2599,Women Slim Fit High-Rise Jeans,Sizes: 36,https://www.myntra.comjeans/roadster/the-roadster-life-co-women-slim-flared-fit-high-rise-stretchable-jeans/31027937/buy
Roadster,747,2199,Men Slim Fit Jeans,Sizes: 32,https://www.myntra.comjeans/roadster/roadster-men-slim-fit-heavy-fade-stretchable-jeans/25816748/buy
Jack & Jones,8399,11999,Relaxed Fit Cotton Jeans,Sizes: 34/32,https://www.myntra.comjeans/jack+%26+jones/jack--jones-men-relaxed-fit-mid-rise-light-fade-cotton-jeans/32665169/buy
Stylecast X Kotty,474,2499,Women Flared High-Rise Jeans,Sizes: 26,https://www.myntra.comjeans/stylecast+x+kotty/stylecast-x-kotty-women-flared-high-rise-stretchable-jeans/31359205/buy
Roadster,824,2499,Men Skinny Fit Jeans,Sizes: 28,https://www.myntra.comjeans/roadster/roadster-men-black-skinny-fit-mid-rise-clean-look-stretchable-jeans/7139512/buy
Pepe Jeans,2699,5999,Men Slim Fit Stretchable Jeans,Sizes: 30,https://www.myntra.comjeans/pepe+jeans/pepe-jeans-men-slim-fit-mildly-distressed-light-fade-whiskers-stretchable-jeans/27281702/buy
MARVEL STREET,919,3999,Men Pure Cotton Relaxed Jeans,Sizes: 30,https://www.myntra.comjeans/marvel+street/marvel-street-men-pure-cotton-relaxed-fit-low-distress-printed-jeans/31370880/buy
ADBUCKS,799,1999,Straight Fit High-Rise Jeans,Sizes: 8-9Y,https://www.myntra.comjeans/adbucks/adbucks-girls-straight-fit-high-rise-stretchable-jeans/32434835/buy
Levis,2235,4299,Men 511 Slim Fit Jeans,Sizes: 40,https://www.myntra.comjeans/levis/levis-men-511-slim-fit-heavy-fade-stretchable-jeans/30189238/buy
Roadster,524,1499,Men Straight Fit Jeans,Sizes: 30,https://www.myntra.comjeans/roadster/the-roadster-life-co-men-straight-fit-light-fade-stretchable-jeans/24797124/buy
Sztori,890,2699,Men Plus Size Tapered Jeans,Sizes: 38,https://www.myntra.comjeans/sztori/sztori-men-plus-size-blue-slim-tapered-fit-light-fade-stretchable-jeans/18453806/buy
Jack & Jones,4199,5999,Men Wide Leg Low-Rise Jeans,Sizes: 30,https://www.myntra.comjeans/jack+%26+jones/jack--jones-men-low-rise-straight-fit-light-fade-stretchable-jeans/32680028/buy
glitchez,515,1199,Women Faded Straight Jeans,Sizes: 32,https://www.myntra.comjeans/glitchez/glitchez-women-dark-grunge-faded-straight-to-style-jeans/31520748/buy
glitchez,719,1999,Women Wide Leg  Jeans,Sizes: 30,https://www.myntra.comjeans/glitchez/glitchez-women-classic-cuts-wide-leg-slit-jeans/31362844/buy
glitchez,628,1699,Women Wide Leg Jeans,Sizes: 30,https://www.myntra.comjeans/glitchez/glitchez-women-stretchable-wide-leg-jeans/31520773/buy
Hardsoda by The Indian Garage Co,685,2449,Men Plus Size Slim Fit Jean,Sizes: 44,https://www.myntra.comjeans/hardsoda+by+the+indian+garage+co/hardsoda-by-the-indian-garage-co-plus-size-men-slim-fit-clean-look-stretchable-jean/25645924/buy
Pepe Jeans,3449,4599,Stretchable Skinny Fit Jeans,Sizes: 30,https://www.myntra.comjeans/pepe+jeans/pepe-jeans-men-heavy-fade-stretchable-skinny-fit-jeans/32598122/buy
Chemistry,809,2699,Women Straight Fit Jeans,Sizes: 28,https://www.myntra.comjeans/chemistry/chemistry-women-straight-fit-stretchable-jeans/30847647/buy
glitchez,679,1999,Men Wide Leg Jeans,Sizes: 30,https://www.myntra.comjeans/glitchez/glitchez-men-heavy-fade-wide-leg-jeans/31596498/buy
AD By Arvind,1499,2499,Men Mid Rise Jeans,Sizes: 36,https://www.myntra.comjeans/ad+by+arvind/ad-by-arvind-men-relaxed-tapered-fit-mid-rise-jeans/32466339/buy
Roadster,1399,4599,Pure Cotton Relaxed Fit Jeans,Sizes: 30,https://www.myntra.comjeans/roadster/the-roadster-lifestyle-co-pure-cotton-relaxed-fit-jeans/32688964/buy
Miss Chase,987,1899,Women Skinny Fit Jeans,Sizes: 34,https://www.myntra.comjeans/miss+chase/miss-chase-women-skinny-fit-high-rise-dark-shade-clean-look-stretchable-jeans/29171196/buy
Pepe Jeans,3999,N/A,Men Slim Fit Jeans,Sizes: 32,https://www.myntra.comjeans/pepe+jeans/pepe-jeans-men-vapour-slim-fit-light-fade-stretchable-jeans/33229461/buy
M&H Our Water,874,2499,Men Carrot Fit Jeans,Sizes: 28,https://www.myntra.comjeans/m%26h+our+water/mh-our-water-men-carrot-fit-light-fade-stretchable-sustainable-jeans/21425562/buy
Roadster,719,2399,Pure Cotton Relaxed-Fit Jeans,Sizes: 30,https://www.myntra.comjeans/roadster/the-roadster-lifestyle-co-blue-pure-cotton-comfort-relaxed-fit-jeans/27220916/buy
Levis,2111,3299,Men Slim Tapered Fit Jeans,Sizes: 38,https://www.myntra.comjeans/levis/levis-men-slim-tapered-fit-light-fade-stretchable-jeans/31579386/buy
Roadster,1155,3399,Women Slim Flared Jeans,Sizes: 32,https://www.myntra.comjeans/roadster/the-roadster-life-co-women-slim-flared-high-rise-pure-cotton-jeans/31027817/buy
PARIS HAMILTON,899,1999,Bootcut Jeans,Sizes: 28,https://www.myntra.comjeans/paris+hamilton/paris-hamilton-men-bootcut-heavy-fade-colourblocked-stretchable-jeans/26904736/buy
Levis,1471,3199,Men 512 Slim Fit Jeans,Sizes: 32,https://www.myntra.comjeans/levis/levis-men-512-slim-fit-light-fade-stretchable-jeans/25756736/buy
DENIMLOOK,749,2999,Men Jeans,Sizes: 28,https://www.myntra.comjeans/denimlook/denimlook-men-stretchable-jeans/31855497/buy
HIGHLANDER,649,1949,Men Slim Straight Fit Jeans,Sizes: 36,https://www.myntra.comjeans/highlander/highlander-men-slim-straight-fit-mid-rise-clean-look-stretchable-jeans/25395144/buy
Levis,1379,2999,Men 512 Slim Fit Jeans,Sizes: 40,https://www.myntra.comjeans/levis/levis-men-512-slim-fit-light-fade-stretchable-jeans/25756698/buy
Mast & Harbour,827,2299,Women Straight Fit Jeans,Sizes: 26,https://www.myntra.comjeans/mast+%26+harbour/mast--harbour-women-straight-fit-high-rise-light-fade-stretchable-jeans/31411431/buy
Pantaloons Junior,799,N/A,Boys Slim Fit Jeans,Sizes: 13-14Y,https://www.myntra.comjeans/pantaloons+junior/pantaloons-junior-boys-slim-fit-stretchable-jeans/32651738/buy
Stylecast X Kotty,524,2499,Women Straight Fit Jeans,Sizes: 30,https://www.myntra.comjeans/stylecast+x+kotty/stylecast-x-kotty-women-jean-straight-fit-high-rise-stretchable-jeans/31359183/buy
Roadster,839,2799,Women Cotton Wide Leg Jeans,Sizes: 26,https://www.myntra.comjeans/roadster/the-roadster-lifestyle-co-women-blue-pure-cotton-high-rise-wide-leg-stretchable-jeans/18202292/buy
glitchez,615,1399,Men Loose Fit Jeans,Sizes: 32,https://www.myntra.comjeans/glitchez/glitchez-men-cool-vibe-loose-fit-jeans/31239140/buy
Pepe Jeans,845,1799,Boys Slim Fit Jeans,Sizes: 8-9Y,https://www.myntra.comjeans/pepe+jeans/pepe-jeans-boys-slim-fit-light-fade-stretchable-jeans/28157094/buy
Metronaut,759,1999,Women Wide Leg Jeans,Sizes: 30,https://www.myntra.comjeans/metronaut/metronaut-women-comfort-wide-leg-stretchable-jeans/33077602/buy
Roadster,781,1699,Men Regular Fit Mid-Rise Jeans,Sizes: 30,https://www.myntra.comjeans/roadster/the-roadster-life-co-men-regular-fit-mid-rise-light-fade-stretchable-jeans/32026704/buy
Levis,1819,3499,Men Slim Fit Jeans,Sizes: 28,https://www.myntra.comjeans/levis/levis-men-slim-fit-light-fade-stretchable-jeans/31573946/buy
DressBerry,599,1999,Women Skinny Fit Jeans,Sizes: 26,https://www.myntra.comjeans/dressberry/dressberry-women-skinny-fit-jeans/31123029/buy
glitchez,791,2199,Men Loose Jeans,Sizes: 28,https://www.myntra.comjeans/glitchez/glitchez-men-light-shade-loose-jeans/31596633/buy
Levis,1563,3399,Men 512 Slim Fit Jeans,Sizes: 42,https://www.myntra.comjeans/levis/levis-men-512-slim-fit-light-fade-stretchable-jeans/25756708/buy
MARVEL STREET,804,3499,Men Straight Fit Jeans,Sizes: 34,https://www.myntra.comjeans/marvel+street/marvel-street-straight-fit-printed-pure-cotton-jeans/31370791/buy
Roadster,883,2599,Men Cotton Straight Fit Jeans,Sizes: 28,https://www.myntra.comjeans/roadster/the-roadster-life-co-men-straight-fit-pure-cotton-light-fade-jeans/31386753/buy
Levis,1379,2999,Men 511 Slim Fit Jeans,Sizes: 36,https://www.myntra.comjeans/levis/levis-men-511-slim-fit-heavy-fade-stretchable-jeans/25756808/buy
Roadster,719,1999,Women Straight High-Rise Jeans,Sizes: 28,https://www.myntra.comjeans/roadster/the-roadster-life-co-women-straight-fit-high-rise-jeans/26272756/buy
Allen Solly,1351,2599,Men Slim Fit Jeans,Sizes: 30,https://www.myntra.comjeans/allen+solly/allen-solly-men-slim-fit-stretchable-jeans/33078939/buy
Jack & Jones,3499,4999,Men Wide Leg High-Rise Jeans,Sizes: 30,https://www.myntra.comjeans/jack+%26+jones/jack--jones-men-wide-leg-high-rise-mildly-distressed-light-fade-stretchable-jeans/32680690/buy
Roadster,743,2399,Men Straight Fit Jeans,Sizes: 36,https://www.myntra.comjeans/roadster/the-roadster-life-co-men-straight-fit-jeans/31112726/buy
HIGHLANDER,819,2599,Mid-Rise Straight Fit Jeans,Sizes: 30,https://www.myntra.comjeans/highlander/highlander-men-mid-rise-straight-fit-light-fade-jeans/31325619/buy
Jack & Jones,8399,11999,Relaxed Fit Cotton Jeans,Sizes: 34/32,https://www.myntra.comjeans/jack+%26+jones/jack--jones-men-relaxed-fit-mid-rise-light-fade-cotton-jeans/32665169/buy
Noh.Voh - SASSAFRAS Kids,839,2099,Girls Bootcut High-Rise Jeans,Sizes: 12-13Y,https://www.myntra.comjeans/noh.voh+-+sassafras+kids/noh-voh---sassafras-kids-girls-blue-bootcut-high-rise-jeans/18390986/buy
Chemistry,956,2989,Skinny Fit High-Rise Jeans,Sizes: 30,https://www.myntra.comjeans/chemistry/chemistry-women-black-od-skinny-high-rise-clean-look-regular-stretchable-denim-jeans/31008929/buy
Pepe Jeans,2699,5999,Men Slim Fit Stretchable Jeans,Sizes: 30,https://www.myntra.comjeans/pepe+jeans/pepe-jeans-men-slim-fit-mildly-distressed-light-fade-whiskers-stretchable-jeans/27281702/buy
Aadvi Fashion,779,2999,Women High-Rise Jeans,Sizes: 34,https://www.myntra.comjeans/aadvi+fashion/aadvi-fashion-women-jean-high-rise-heavy-fade-stretchable-jeans/33301670/buy
glitchez,599,2399,Men Wide Leg Jeans,Sizes: 28,https://www.myntra.comjeans/glitchez/glitchez-men-effortlessly-cool-wide-leg-jeans/31596624/buy
Levis,2235,4299,Men 511 Slim Fit Jeans,Sizes: 40,https://www.myntra.comjeans/levis/levis-men-511-slim-fit-heavy-fade-stretchable-jeans/30189238/buy
Tokyo Talkies,562,2249,Women Skinny Fit Jeans,Sizes: 28,https://www.myntra.comjeans/tokyo+talkies/tokyo-talkies-women-skinny-fit-light-fade-stretchable-jeans/22427668/buy
Roadster,623,1299,Mid-Rise Stretchable Jeans,Sizes: 28,https://www.myntra.comjeans/roadster/the-roadster-life-co-slim-fit-mid-rise-stretchable-jeans/32026620/buy
Jack & Jones,4199,5999,Men Wide Leg Low-Rise Jeans,Sizes: 30,https://www.myntra.comjeans/jack+%26+jones/jack--jones-men-low-rise-straight-fit-light-fade-stretchable-jeans/32680028/buy
